-- MySQL dump 10.13  Distrib 8.0.46, for Linux (x86_64)
--
-- Host: localhost    Database: causa_db
-- ------------------------------------------------------
-- Server version	8.0.46-0ubuntu0.24.04.3

/*!40101 SET @OLD_CHARACTER_SET_CLIENT=@@CHARACTER_SET_CLIENT */;
/*!40101 SET @OLD_CHARACTER_SET_RESULTS=@@CHARACTER_SET_RESULTS */;
/*!40101 SET @OLD_COLLATION_CONNECTION=@@COLLATION_CONNECTION */;
/*!50503 SET NAMES utf8mb4 */;
/*!40103 SET @OLD_TIME_ZONE=@@TIME_ZONE */;
/*!40103 SET TIME_ZONE='+00:00' */;
/*!40014 SET @OLD_UNIQUE_CHECKS=@@UNIQUE_CHECKS, UNIQUE_CHECKS=0 */;
/*!40014 SET @OLD_FOREIGN_KEY_CHECKS=@@FOREIGN_KEY_CHECKS, FOREIGN_KEY_CHECKS=0 */;
/*!40101 SET @OLD_SQL_MODE=@@SQL_MODE, SQL_MODE='NO_AUTO_VALUE_ON_ZERO' */;
/*!40111 SET @OLD_SQL_NOTES=@@SQL_NOTES, SQL_NOTES=0 */;

--
-- Table structure for table `convenio_cetl`
--

DROP TABLE IF EXISTS `convenio_cetl`;
/*!40101 SET @saved_cs_client     = @@character_set_client */;
/*!50503 SET character_set_client = utf8mb4 */;
CREATE TABLE `convenio_cetl` (
  `id` int NOT NULL AUTO_INCREMENT,
  `usuario_id` int NOT NULL,
  `activo` tinyint(1) DEFAULT '1',
  `fecha_alta` datetime DEFAULT CURRENT_TIMESTAMP,
  PRIMARY KEY (`id`),
  UNIQUE KEY `usuario_id` (`usuario_id`),
  CONSTRAINT `fk_usuario_cetl` FOREIGN KEY (`usuario_id`) REFERENCES `usuarios` (`id`) ON DELETE CASCADE
) ENGINE=InnoDB AUTO_INCREMENT=108 DEFAULT CHARSET=utf8mb4 COLLATE=utf8mb4_0900_ai_ci;
/*!40101 SET character_set_client = @saved_cs_client */;

--
-- Dumping data for table `convenio_cetl`
--

LOCK TABLES `convenio_cetl` WRITE;
/*!40000 ALTER TABLE `convenio_cetl` DISABLE KEYS */;
INSERT INTO `convenio_cetl` VALUES (1,168,1,'2026-06-23 22:38:53'),(2,209,1,'2026-06-23 22:38:53'),(3,200,1,'2026-06-23 22:38:53'),(4,178,1,'2026-06-23 22:38:53'),(5,215,1,'2026-06-23 22:38:53'),(6,243,1,'2026-06-23 22:38:53'),(7,274,1,'2026-06-23 22:38:53'),(8,183,1,'2026-06-23 22:38:53'),(9,175,1,'2026-06-23 22:38:53'),(10,262,1,'2026-06-23 22:38:53'),(11,174,1,'2026-06-23 22:38:53'),(12,258,1,'2026-06-23 22:38:53'),(13,197,1,'2026-06-23 22:38:53'),(14,212,1,'2026-06-23 22:38:53'),(15,246,1,'2026-06-23 22:38:53'),(16,211,1,'2026-06-23 22:38:53'),(17,242,1,'2026-06-23 22:38:53'),(18,296,1,'2026-06-23 22:39:27'),(19,289,1,'2026-06-23 22:39:27'),(20,290,1,'2026-06-23 22:39:27'),(21,284,1,'2026-06-23 22:39:27'),(22,266,1,'2026-06-23 22:41:21'),(23,269,1,'2026-06-23 22:41:21'),(24,170,1,'2026-06-23 22:41:21'),(25,247,1,'2026-06-23 22:41:21'),(26,263,1,'2026-06-23 22:41:21'),(27,248,1,'2026-06-23 22:41:21'),(28,249,1,'2026-06-23 22:41:21'),(29,260,1,'2026-06-23 22:41:21'),(30,265,1,'2026-06-23 22:41:21'),(31,255,1,'2026-06-23 22:41:21'),(32,225,1,'2026-06-23 22:41:21'),(33,250,1,'2026-06-23 22:41:21'),(34,268,1,'2026-06-23 22:41:21'),(35,273,1,'2026-06-23 22:41:21'),(36,251,1,'2026-06-23 22:41:21'),(37,181,1,'2026-06-23 22:41:21'),(38,98,1,'2026-06-23 22:41:21'),(39,261,1,'2026-06-23 22:41:21'),(40,236,1,'2026-06-23 22:41:21'),(41,235,1,'2026-06-23 22:41:21'),(42,224,1,'2026-06-23 22:41:21'),(43,222,1,'2026-06-23 22:42:54'),(44,256,1,'2026-06-23 22:42:54'),(45,223,1,'2026-06-23 22:42:54'),(46,271,1,'2026-06-23 22:42:54'),(47,264,1,'2026-06-23 22:42:54'),(48,196,1,'2026-06-23 22:42:54'),(49,221,1,'2026-06-23 22:42:54'),(50,257,1,'2026-06-23 22:42:54'),(51,283,1,'2026-06-23 22:42:54'),(52,180,1,'2026-06-23 22:42:54'),(53,295,1,'2026-06-23 22:42:54'),(54,292,1,'2026-06-23 22:42:54'),(55,182,1,'2026-06-23 22:42:54'),(56,286,1,'2026-06-23 22:42:54'),(57,279,1,'2026-06-23 22:42:54'),(58,297,1,'2026-06-23 22:42:54'),(59,282,1,'2026-06-23 22:42:54'),(60,285,1,'2026-06-23 22:42:54'),(61,281,1,'2026-06-23 22:42:54'),(62,294,1,'2026-06-23 22:44:48'),(63,303,1,'2026-06-23 22:44:48'),(64,301,1,'2026-06-23 22:44:48'),(65,187,1,'2026-06-23 22:44:48'),(66,188,1,'2026-06-23 22:44:48'),(67,300,1,'2026-06-23 22:44:48'),(68,298,1,'2026-06-23 22:44:48'),(69,220,1,'2026-06-23 22:44:48'),(70,195,1,'2026-06-23 22:44:48'),(71,184,1,'2026-06-23 22:44:48'),(72,244,1,'2026-06-23 22:44:48'),(73,232,1,'2026-06-23 22:44:48'),(74,217,1,'2026-06-23 22:44:48'),(75,219,1,'2026-06-23 22:44:48'),(76,218,1,'2026-06-23 22:44:48'),(77,186,1,'2026-06-23 22:44:48'),(78,185,1,'2026-06-23 22:44:48'),(79,227,1,'2026-06-23 22:44:48'),(80,233,1,'2026-06-23 22:44:48'),(81,234,1,'2026-06-23 22:44:48'),(82,237,1,'2026-06-23 22:44:48'),(83,245,1,'2026-06-23 22:44:48'),(84,206,1,'2026-06-23 22:45:43'),(85,228,1,'2026-06-23 22:45:43'),(86,231,1,'2026-06-23 22:45:43'),(87,198,1,'2026-06-23 22:45:43'),(88,230,1,'2026-06-23 22:45:43'),(89,241,1,'2026-06-23 22:45:43'),(90,229,1,'2026-06-23 22:45:43'),(91,239,1,'2026-06-23 22:45:43'),(92,201,1,'2026-06-23 22:45:43'),(93,177,1,'2026-06-23 22:45:43'),(94,173,1,'2026-06-23 22:45:43'),(95,203,1,'2026-06-23 22:45:58'),(96,252,1,'2026-06-23 22:45:58'),(97,4,0,'2026-06-23 23:03:47'),(98,304,1,'2026-06-24 15:30:15'),(99,305,1,'2026-06-24 15:52:19'),(100,306,1,'2026-06-29 05:44:29'),(101,311,1,'2026-07-02 23:17:08'),(102,314,1,'2026-07-06 17:57:25'),(103,315,1,'2026-07-06 18:01:35'),(104,316,1,'2026-07-06 18:03:40'),(105,317,1,'2026-07-07 03:37:11'),(106,318,1,'2026-07-07 03:37:54'),(107,319,1,'2026-07-08 17:43:24');
/*!40000 ALTER TABLE `convenio_cetl` ENABLE KEYS */;
UNLOCK TABLES;

--
-- Table structure for table `grupos`
--

DROP TABLE IF EXISTS `grupos`;
/*!40101 SET @saved_cs_client     = @@character_set_client */;
/*!50503 SET character_set_client = utf8mb4 */;
CREATE TABLE `grupos` (
  `id` int NOT NULL AUTO_INCREMENT,
  `usuario_id` int NOT NULL,
  `grado_planeacion` varchar(50) COLLATE utf8mb4_general_ci DEFAULT NULL,
  `duracion_planeacion` varchar(20) COLLATE utf8mb4_general_ci DEFAULT NULL,
  `numero_total_estudiantes` int DEFAULT NULL,
  `auditivos` int DEFAULT NULL,
  `visuales` int DEFAULT NULL,
  `kinestesicos` int DEFAULT NULL,
  `refuerzo_lecto_general` varchar(5) COLLATE utf8mb4_general_ci DEFAULT NULL,
  `estrategias_lecto_general` text COLLATE utf8mb4_general_ci,
  `refuerzo_calculo` varchar(5) COLLATE utf8mb4_general_ci DEFAULT NULL,
  `estrategias_calculo` text COLLATE utf8mb4_general_ci,
  `refuerzo_operaciones` varchar(5) COLLATE utf8mb4_general_ci DEFAULT NULL,
  `estrategias_operaciones` text COLLATE utf8mb4_general_ci,
  `tiene_no_lectoescritura` varchar(5) COLLATE utf8mb4_general_ci DEFAULT NULL,
  `numero_alumnos_lectoescritura` int DEFAULT NULL,
  `refuerzo_lecto_adecuacion` varchar(5) COLLATE utf8mb4_general_ci DEFAULT NULL,
  `estrategias_lecto_adecuacion` text COLLATE utf8mb4_general_ci,
  PRIMARY KEY (`id`),
  UNIQUE KEY `usuario_id` (`usuario_id`)
) ENGINE=InnoDB AUTO_INCREMENT=106 DEFAULT CHARSET=utf8mb4 COLLATE=utf8mb4_general_ci;
/*!40101 SET character_set_client = @saved_cs_client */;

--
-- Dumping data for table `grupos`
--

LOCK TABLES `grupos` WRITE;
/*!40000 ALTER TABLE `grupos` DISABLE KEYS */;
INSERT INTO `grupos` VALUES (1,1,'5° Grado de Primaria','Semanal',35,2,19,12,'Sí','Lectura guiada','Sí','Ejercicios de cálculo mental diario','Sí','Resolución de problemas en contexto','No',2,'No','Uso de imágenes y pictogramas'),(14,5,'5° Grado de Primaria','Quincenal',30,25,3,2,'Sí','Dictado con apoyo visual','Sí','Retos matemáticos en equipo','Sí','Memorama de operaciones','Sí',10,'No',NULL),(25,9,'6° Grado de Primaria','Semanal',35,20,5,10,'Sí','Lectura guiada','Sí','Ejercicios de cálculo mental diario','Sí','Resolución de problemas en contexto','No',0,'',NULL),(26,8,'4° Grado de Primaria','Quincenal',34,15,10,9,'Sí','Uso de imágenes y pictogramas','Sí','Ejercicios de cálculo mental diario','Sí','Juegos matemáticos interactivos','Sí',2,'Sí','Tarjetas de vocabulario'),(28,15,'3° Grado de Primaria','Quincenal',40,5,17,18,'Sí','Juegos de palabras','Sí','Uso de material concreto para visualización','Sí','Juegos matemáticos interactivos','Sí',4,'Sí','Lectura guiada'),(31,17,'3° Grado de Preescolar','Semanal',34,3,3,3,'',NULL,'',NULL,'',NULL,'No',0,'',NULL),(42,4,'3° Grado de Primaria','Quincenal',23,3,12,8,'No','Juegos de palabras','No','Retos matemáticos en equipo','No','Resolución de problemas en contexto','Sí',3,'Sí','Dictado con apoyo visual'),(45,27,'4° Grado de Primaria','Semanal',21,10,5,6,'Sí','Juegos de palabras','Sí','Juegos de agilidad numérica','Sí','Resolución de problemas en contexto','No',0,'',NULL),(50,53,'3° Grado de Primaria','Quincenal',29,2,5,22,'Sí','Lectura guiada','Sí','Ejercicios de cálculo mental diario','Sí','Juegos matemáticos interactivos','Sí',3,'Sí','Juegos de palabras'),(51,12,'5° Grado de Primaria','Semanal',35,10,30,5,'Sí','Lectura guiada','Sí','Ejercicios de cálculo mental diario','Sí',NULL,'No',0,'',NULL),(56,20,'5° Grado de Primaria','Semanal',32,2,20,10,'No',NULL,'Sí','Juegos de agilidad numérica, Retos matemáticos en equipo','',NULL,'No',0,'',NULL),(57,65,'2° Grado de Preescolar','Semanal',15,5,3,7,'Sí','Juegos de palabras, Uso de imágenes y pictogramas','Sí','Uso de material concreto para visualización, Retos matemáticos en equipo','Sí','Uso de regletas y material manipulativo, Resolución de problemas en contexto','No',0,'',NULL),(58,33,'1° Grado de Primaria','Quincenal',22,3,13,6,'Sí','Juegos de palabras, Dictado con apoyo visual','Sí','Uso de material concreto para visualización, Retos matemáticos en equipo','Sí','Uso de regletas y material manipulativo','No',0,'',NULL),(59,16,'5° Grado de Primaria','Quincenal',14,5,5,5,'No',NULL,'No',NULL,'No',NULL,'No',0,'',NULL),(96,125,'2° Grado de Primaria','Quincenal',20,6,6,8,'Sí','Juegos de palabras','Sí','Ejercicios de cálculo mental diario','Sí','Memorama de operaciones','Sí',6,'Sí','Uso de imágenes y pictogramas'),(98,55,'1° Grado de Preescolar','Semanal',20,15,3,2,'Sí',NULL,'Sí','Juegos de agilidad numérica','Sí','Memorama de operaciones','No',0,'No',NULL);
/*!40000 ALTER TABLE `grupos` ENABLE KEYS */;
UNLOCK TABLES;

--
-- Table structure for table `historial_uso`
--

DROP TABLE IF EXISTS `historial_uso`;
/*!40101 SET @saved_cs_client     = @@character_set_client */;
/*!50503 SET character_set_client = utf8mb4 */;
CREATE TABLE `historial_uso` (
  `id` int NOT NULL AUTO_INCREMENT,
  `usuario_id` int NOT NULL,
  `herramienta` varchar(100) NOT NULL,
  `ip_usuario` varchar(45) NOT NULL,
  `fecha` timestamp NULL DEFAULT CURRENT_TIMESTAMP,
  PRIMARY KEY (`id`),
  KEY `idx_fecha_herramienta` (`fecha`,`herramienta`),
  KEY `idx_usuario_id` (`usuario_id`)
) ENGINE=InnoDB AUTO_INCREMENT=167 DEFAULT CHARSET=utf8mb4 COLLATE=utf8mb4_0900_ai_ci;
/*!40101 SET character_set_client = @saved_cs_client */;

--
-- Dumping data for table `historial_uso`
--

LOCK TABLES `historial_uso` WRITE;
/*!40000 ALTER TABLE `historial_uso` DISABLE KEYS */;
INSERT INTO `historial_uso` VALUES (1,1,'Planeación Básica','162.159.104.13','2026-06-01 02:39:21'),(2,1,'Planeación Avanzada','162.159.104.13','2026-06-01 02:41:55'),(3,1,'Planeación PALE','162.159.104.13','2026-06-01 02:44:45'),(4,1,'Planeación PAM','162.159.104.13','2026-06-01 02:46:07'),(5,1,'Evaluaciones Diagnósticas','162.159.104.13','2026-06-01 02:47:26'),(6,1,'Exámenes BIM/TRIM (NEM)','162.159.104.13','2026-06-01 02:47:48'),(7,1,'Protocolos Educativos','162.159.104.13','2026-06-01 02:48:29'),(8,1,'Bitácoras Docentes','162.159.104.13','2026-06-01 02:49:25'),(9,1,'Simuladores USICAMM','162.159.104.13','2026-06-01 02:49:37'),(10,1,'Planificador Inclusivo (DUA)','162.159.104.13','2026-06-01 02:49:54'),(11,1,'Cultura de Paz y Convivencia','162.159.104.13','2026-06-01 02:50:22'),(12,1,'Planeación Transversal','162.159.104.13','2026-06-01 02:51:00'),(13,1,'Planeación Transversal','162.159.104.13','2026-06-01 02:51:22'),(14,1,'Adecuaciones Curriculares','162.159.104.13','2026-06-01 02:52:00'),(15,1,'Simulador Padres Problemáticos','162.159.104.13','2026-06-01 02:52:51'),(16,1,'Simulador Padres Problemáticos','162.159.104.13','2026-06-01 02:54:32'),(17,1,'Periódico Mural y Efemérides','162.159.104.13','2026-06-01 02:55:07'),(18,1,'Planeación por Competencias','162.159.104.13','2026-06-01 02:55:31'),(19,1,'Planeaciones Telesecundarias','162.159.104.13','2026-06-01 02:56:38'),(20,1,'Planeaciones Telesecundarias','162.159.104.12','2026-06-01 03:01:40'),(21,1,'Planeaciones Telesecundarias','162.159.104.12','2026-06-01 03:02:48'),(22,20,'Planeación Básica','198.41.227.156','2026-06-01 03:13:17'),(23,58,'Simuladores USICAMM','162.158.175.200','2026-06-02 03:26:50'),(24,167,'Simuladores USICAMM','172.68.26.4','2026-06-03 02:07:38'),(25,1,'Planeación Básica','172.71.167.88','2026-06-03 23:31:57'),(26,4,'Planeación Avanzada','172.68.26.181','2026-06-04 00:35:43'),(27,133,'Simuladores USICAMM','162.158.78.138','2026-06-04 02:02:05'),(28,133,'Planeación Básica','172.71.195.50','2026-06-04 02:16:32'),(29,133,'Planeación Avanzada','172.71.195.50','2026-06-04 02:18:28'),(30,133,'Protocolos Educativos','172.71.195.50','2026-06-04 02:20:22'),(31,133,'Bitácoras Docentes','172.71.195.50','2026-06-04 02:22:23'),(32,133,'Bitácoras Docentes','172.71.195.50','2026-06-04 02:23:01'),(33,133,'Simuladores USICAMM','172.71.195.50','2026-06-04 02:23:32'),(34,133,'Adecuaciones Curriculares','172.71.195.50','2026-06-04 02:25:57'),(35,133,'Planeación Transversal','172.71.195.50','2026-06-04 02:27:28'),(36,133,'Planeaciones Telesecundarias','172.71.195.50','2026-06-04 02:29:37'),(37,133,'Cultura de Paz y Convivencia','172.71.195.50','2026-06-04 02:30:26'),(38,133,'Simulador Padres Problemáticos','172.71.195.50','2026-06-04 02:31:34'),(39,1,'Simuladores USICAMM','162.159.106.184','2026-06-04 03:10:27'),(40,1,'Simuladores USICAMM','162.159.106.184','2026-06-04 03:22:17'),(41,1,'Adecuaciones Curriculares','172.70.94.193','2026-06-04 05:59:49'),(42,129,'Simuladores USICAMM','162.159.106.185','2026-06-04 17:03:05'),(43,1,'Protocolos Educativos','162.159.106.122','2026-06-04 18:56:38'),(44,4,'Planeación PALE','198.41.227.156','2026-06-04 20:01:08'),(45,167,'Simuladores USICAMM','172.70.206.58','2026-06-05 01:44:09'),(46,167,'Simuladores USICAMM','172.69.135.49','2026-06-05 02:38:31'),(47,28,'Planeación Básica','162.158.91.77','2026-06-05 14:09:26'),(48,28,'Planeación Básica','162.158.91.77','2026-06-05 14:10:44'),(50,197,'Protocolos Educativos','198.41.227.156','2026-06-05 17:15:51'),(51,197,'Protocolos Educativos','198.41.227.156','2026-06-05 17:16:23'),(52,1,'Simuladores USICAMM','172.70.44.196','2026-06-05 22:23:44'),(53,1,'Simuladores USICAMM','172.70.94.193','2026-06-05 22:25:38'),(54,174,'Simuladores USICAMM','172.70.94.27','2026-06-06 14:17:23'),(55,1,'Planeación Básica','172.69.65.148','2026-06-06 14:19:16'),(56,1,'Protocolos Educativos','172.69.65.148','2026-06-06 14:21:10'),(57,175,'Planificador Inclusivo (DUA)','198.41.227.156','2026-06-06 14:22:04'),(58,1,'Simuladores USICAMM','172.69.65.148','2026-06-06 14:22:07'),(59,175,'Planificador Inclusivo (DUA)','172.70.44.131','2026-06-06 14:22:50'),(60,1,'Planeación Básica','172.69.65.147','2026-06-06 14:32:52'),(61,1,'Protocolos Educativos','172.69.65.148','2026-06-06 14:36:17'),(62,1,'Simuladores USICAMM','172.69.65.148','2026-06-06 14:36:51'),(63,1,'Planeación Básica','172.69.65.148','2026-06-06 14:46:19'),(64,1,'Protocolos Educativos','172.69.65.148','2026-06-06 14:48:05'),(65,1,'Simuladores USICAMM','172.69.65.148','2026-06-06 14:48:45'),(66,1,'Planeación Básica','172.69.65.148','2026-06-06 15:00:35'),(67,1,'Protocolos Educativos','172.69.65.148','2026-06-06 15:02:38'),(68,1,'Simuladores USICAMM','172.69.65.148','2026-06-06 15:03:49'),(69,1,'Adecuaciones Curriculares','172.69.65.148','2026-06-06 15:05:28'),(70,1,'Planeación Básica','172.69.65.148','2026-06-06 15:18:26'),(71,1,'Protocolos Educativos','172.69.65.148','2026-06-06 15:20:59'),(72,1,'Simuladores USICAMM','172.69.65.148','2026-06-06 15:22:31'),(73,1,'Planeación Básica','172.70.94.193','2026-06-06 15:42:15'),(74,1,'Protocolos Educativos','172.70.94.193','2026-06-06 15:44:12'),(75,1,'Simuladores USICAMM','172.70.94.193','2026-06-06 15:45:07'),(76,1,'Planeación Básica','172.69.65.147','2026-06-06 16:04:55'),(77,1,'Protocolos Educativos','172.71.167.87','2026-06-06 16:07:49'),(78,1,'Simuladores USICAMM','172.71.167.87','2026-06-06 16:08:40'),(79,1,'Planeación Básica','172.70.94.193','2026-06-06 16:27:41'),(80,1,'Protocolos Educativos','172.70.94.192','2026-06-06 16:31:11'),(81,1,'Simuladores USICAMM','172.70.94.192','2026-06-06 16:31:56'),(82,1,'Adecuaciones Curriculares','172.70.94.192','2026-06-06 16:34:07'),(83,234,'Planeación PALE','172.71.175.76','2026-06-06 18:45:01'),(84,177,'Simuladores USICAMM','172.69.240.153','2026-06-06 19:59:01'),(85,232,'Simuladores USICAMM','172.70.94.27','2026-06-06 21:36:58'),(86,222,'Planeación PALE','172.71.166.124','2026-06-06 22:53:27'),(87,222,'Planeación Básica','198.41.227.157','2026-06-06 23:01:27'),(88,222,'Planeación Avanzada','162.159.104.156','2026-06-06 23:07:00'),(89,222,'Exámenes BIM/TRIM (NEM)','162.159.106.184','2026-06-06 23:13:04'),(90,177,'Simuladores USICAMM','172.69.240.152','2026-06-07 00:03:07'),(91,181,'Bitácoras Docentes','172.71.166.124','2026-06-07 00:12:03'),(92,181,'Bitácoras Docentes','162.158.175.199','2026-06-07 00:13:08'),(93,181,'Bitácoras Docentes','162.158.175.199','2026-06-07 00:13:19'),(94,177,'Simuladores USICAMM','172.69.240.151','2026-06-07 05:25:57'),(95,1,'Simuladores USICAMM','198.41.227.13','2026-06-07 16:31:25'),(96,225,'Planeación Avanzada','198.41.227.156','2026-06-07 17:47:33'),(97,1,'Protocolos Educativos','162.159.106.122','2026-06-07 18:15:58'),(98,217,'Bitácoras Docentes','162.159.104.156','2026-06-07 18:21:37'),(99,217,'Bitácoras Docentes','162.159.104.156','2026-06-07 18:22:19'),(100,185,'Planeación Avanzada','162.159.104.156','2026-06-07 20:45:01'),(101,234,'Planeación PALE','172.69.65.85','2026-06-08 02:03:11'),(102,185,'Planeación Avanzada','198.41.227.156','2026-06-08 02:34:21'),(103,228,'Exámenes BIM/TRIM (NEM)','172.69.64.133','2026-06-09 06:08:27'),(104,218,'Planeación Avanzada','162.159.106.185','2026-06-09 13:57:54'),(105,4,'Protocolos Educativos','162.159.106.184','2026-06-11 01:21:21'),(106,204,'Planeación Básica','162.159.104.157','2026-06-11 01:55:56'),(107,180,'Planeación Avanzada','172.69.240.152','2026-06-11 17:43:42'),(108,180,'Planeación Transversal','172.69.240.152','2026-06-11 17:48:24'),(109,260,'Simuladores USICAMM','172.70.94.27','2026-06-12 20:22:29'),(110,199,'Exámenes BIM/TRIM (NEM)','172.70.94.26','2026-06-14 17:03:07'),(111,199,'Exámenes BIM/TRIM (NEM)','172.71.166.125','2026-06-14 18:53:10'),(113,199,'Exámenes BIM/TRIM (NEM)','172.69.67.17','2026-06-14 19:02:11'),(114,255,'Exámenes BIM/TRIM (NEM)','172.71.175.76','2026-06-15 02:42:40'),(115,255,'Exámenes BIM/TRIM (NEM)','162.158.175.200','2026-06-15 02:48:11'),(116,255,'Exámenes BIM/TRIM (NEM)','172.69.67.17','2026-06-15 03:01:21'),(118,255,'Exámenes BIM/TRIM (NEM)','162.159.106.184','2026-06-15 03:18:11'),(119,255,'Bitácoras Docentes','172.69.65.88','2026-06-15 03:51:46'),(120,255,'Bitácoras Docentes','162.159.106.185','2026-06-15 03:55:48'),(121,255,'Bitácoras Docentes','162.159.104.157','2026-06-15 03:56:23'),(122,169,'Planeaciones Telesecundarias','172.70.94.26','2026-06-15 19:43:16'),(123,121,'Bitácoras Docentes','172.69.67.16','2026-06-15 23:47:43'),(124,121,'Bitácoras Docentes','172.69.67.16','2026-06-15 23:48:01'),(125,121,'Bitácoras Docentes','172.69.67.16','2026-06-15 23:48:11'),(126,121,'Bitácoras Docentes','172.68.26.114','2026-06-15 23:49:23'),(127,121,'Bitácoras Docentes','172.68.26.114','2026-06-15 23:50:07'),(128,199,'Exámenes BIM/TRIM (NEM)','162.158.175.200','2026-06-16 04:12:26'),(129,170,'Simuladores USICAMM','172.69.240.153','2026-06-17 04:51:42'),(130,170,'Simuladores USICAMM','172.69.240.152','2026-06-17 05:02:12'),(131,289,'Simuladores USICAMM','172.68.26.115','2026-06-18 15:19:39'),(132,1,'Simuladores USICAMM','172.69.65.42','2026-06-18 17:14:44'),(133,1,'Simuladores USICAMM','172.68.26.12','2026-06-18 17:16:35'),(134,301,'Planeación Básica','172.68.26.5','2026-06-23 02:19:27'),(135,4,'Simuladores USICAMM','172.69.65.87','2026-06-23 23:05:20'),(136,303,'Planeación Básica','162.159.104.13','2026-06-23 23:37:28'),(137,1,'Protocolos Educativos','162.159.104.12','2026-06-24 19:25:04'),(138,257,'Planeación Avanzada','172.69.65.88','2026-06-26 17:39:13'),(139,98,'Planeación Avanzada','162.158.175.200','2026-06-26 18:21:47'),(141,1,'Simuladores USICAMM','104.22.20.112','2026-06-26 19:59:54'),(142,1,'Simuladores USICAMM','172.71.167.88','2026-06-26 23:54:55'),(143,1,'Simuladores USICAMM','172.64.217.56','2026-06-27 15:36:58'),(144,1,'Simuladores USICAMM','162.158.91.155','2026-06-28 03:49:27'),(145,1,'Simuladores USICAMM','162.158.91.156','2026-06-28 03:52:10'),(146,1,'Simuladores USICAMM','162.159.106.123','2026-06-30 23:52:14'),(147,1,'Evaluaciones Diagnósticas','172.70.94.27','2026-07-02 17:54:18'),(148,1,'Simuladores USICAMM','172.69.65.150','2026-07-03 20:35:48'),(149,1,'Simuladores USICAMM','162.159.106.122','2026-07-06 18:22:51'),(150,1,'Cultura de Paz y Convivencia','162.159.106.123','2026-07-06 18:27:33'),(151,1,'Evaluaciones Diagnósticas','162.159.106.123','2026-07-06 18:28:37'),(153,1,'Exámenes BIM/TRIM (NEM)','162.159.104.13','2026-07-06 18:31:35'),(154,1,'Simulador Padres Problemáticos','198.41.227.12','2026-07-06 18:35:26'),(155,181,'Simuladores USICAMM','162.158.175.199','2026-07-07 18:51:34'),(156,181,'Simuladores USICAMM','172.71.167.53','2026-07-07 18:59:46'),(157,6,'Simuladores USICAMM','198.41.227.13','2026-07-08 17:31:17'),(158,321,'Planeación Básica','162.159.104.13','2026-07-08 19:27:10'),(159,321,'Planeación Básica','172.71.174.6','2026-07-08 20:19:01'),(160,321,'Protocolos Educativos','162.159.106.61','2026-07-08 20:22:01'),(161,321,'Protocolos Educativos','172.71.166.226','2026-07-08 20:23:58'),(162,321,'Protocolos Educativos','172.71.166.226','2026-07-08 20:24:28'),(163,321,'Protocolos Educativos','172.71.166.226','2026-07-08 20:24:41'),(164,321,'Protocolos Educativos','172.71.166.226','2026-07-08 20:25:07'),(165,321,'Simuladores USICAMM','162.159.104.123','2026-07-08 21:53:17'),(166,252,'Planeación Básica','162.159.104.157','2026-07-09 17:16:56');
/*!40000 ALTER TABLE `historial_uso` ENABLE KEYS */;
UNLOCK TABLES;

--
-- Table structure for table `recursos`
--

DROP TABLE IF EXISTS `recursos`;
/*!40101 SET @saved_cs_client     = @@character_set_client */;
/*!50503 SET character_set_client = utf8mb4 */;
CREATE TABLE `recursos` (
  `id` int NOT NULL AUTO_INCREMENT,
  `titulo` varchar(255) COLLATE utf8mb4_general_ci NOT NULL,
  `descripcion` text COLLATE utf8mb4_general_ci NOT NULL,
  `categoria` varchar(100) COLLATE utf8mb4_general_ci NOT NULL,
  `nombre_archivo` varchar(255) COLLATE utf8mb4_general_ci NOT NULL,
  `ruta_archivo` varchar(255) COLLATE utf8mb4_general_ci NOT NULL,
  `fecha_subida` datetime NOT NULL,
  PRIMARY KEY (`id`)
) ENGINE=InnoDB AUTO_INCREMENT=14 DEFAULT CHARSET=utf8mb4 COLLATE=utf8mb4_general_ci;
/*!40101 SET character_set_client = @saved_cs_client */;

--
-- Dumping data for table `recursos`
--

LOCK TABLES `recursos` WRITE;
/*!40000 ALTER TABLE `recursos` DISABLE KEYS */;
INSERT INTO `recursos` VALUES (1,'Propuesta de APRENDIZAJE DE LA LENGUA ESCRITA','Propuesta de Margarita Gómez Palacio para PRIMERO Y SEGUNDO de primaria, las conocidas fichas de colores. PALE','material','68a9703a39f343.12551492-FICHAS PALE COLORES(1).pdf','uploads/68a9703a39f343.12551492-FICHAS PALE COLORES(1).pdf','2025-08-23 07:39:38'),(2,'El alumno con TDAH','Es una guía de atención al alumnado con TDAH','material','68aa773f0f1d69.67751411-LIBRO_ALUMNO_TDAH_(11)_indd (1).pdf','uploads/68aa773f0f1d69.67751411-LIBRO_ALUMNO_TDAH_(11)_indd (1).pdf','2025-08-24 02:21:51'),(3,'Aprendo con mi nombre CONAFE','Guía para enseñar a leer a partir del nombre propio','material','68af90724bd1c8.02267018-Aprendo con mi nombre CONAFE.pdf','uploads/68af90724bd1c8.02267018-Aprendo con mi nombre CONAFE.pdf','2025-08-27 23:10:42'),(4,'Conciencia fonológica y aprendizaje de la lectura','Teoría, evaluación e intervención','material','68af914906b260.98004137-Conciencia fonológica y aprendizaje de la lectura.pdf','uploads/68af914906b260.98004137-Conciencia fonológica y aprendizaje de la lectura.pdf','2025-08-27 23:14:17'),(5,'Creatividad y aprendizaje','El juego como herramienta pedagógica','juegos','68af920f009269.99977875-Creatividad y aprendizaje. El juego como herramienta pedagógica.pdf','uploads/68af920f009269.99977875-Creatividad y aprendizaje. El juego como herramienta pedagógica.pdf','2025-08-27 23:17:35'),(6,'Cuento como mediación pedagógica','Fortalecimiento de la lectoescritura','material','68af925f915ee1.12543181-Cuento como mediación pedagógica.pdf','uploads/68af925f915ee1.12543181-Cuento como mediación pedagógica.pdf','2025-08-27 23:18:55'),(7,'Enseñanza de la lectura y la escritura','Educación Primaria','material','68cafdf08e0624.64547856-Enseñanza de la lectura y la escritura en la educación preescolar y la primaria.pdf','uploads/68cafdf08e0624.64547856-Enseñanza de la lectura y la escritura en la educación preescolar y la primaria.pdf','2025-09-17 18:29:04'),(8,'Fichero 1°','Fichero 93 actividades didácticas','material','68cafe89d1d804.91734953-FicheroActividadesDidácticasEspañol_1o..pdf','uploads/68cafe89d1d804.91734953-FicheroActividadesDidácticasEspañol_1o..pdf','2025-09-17 18:31:37'),(9,'Fichas de colores','PALE\r\nPresilábico, silábico y alfabético','juegos','68cafecda617c9.88018230-FICHAS de coloresPALE.pdf','uploads/68cafecda617c9.88018230-FICHAS de coloresPALE.pdf','2025-09-17 18:32:45'),(10,'Guía de evaluación PALE 1°','Guía para evaluar la Propuesta','examenes','68caff1e5902b8.37988244-Guia de evaluacion_Lengua escrita.pdf','uploads/68caff1e5902b8.37988244-Guia de evaluacion_Lengua escrita.pdf','2025-09-17 18:34:06'),(11,'Guía de evaluación PALE 2°','Guía para evaluar la Propuesta','examenes','68caff4e00c795.05282619-GUÍA DE EVALUACIÓN 2°.pdf','uploads/68caff4e00c795.05282619-GUÍA DE EVALUACIÓN 2°.pdf','2025-09-17 18:34:54'),(12,'Beneficio de la lectura en los niños','Hernández Lombardo 2017','material','68caff9f6d7641.82797198-HernandezLombardo2017.pdf','uploads/68caff9f6d7641.82797198-HernandezLombardo2017.pdf','2025-09-17 18:36:15'),(13,'La adquisición de la lectura y la escritura en la escuela primaria','Lecturas','material','68caffd9ec61c2.85360904-La adquisicion de la lectura y la escritura_Lecturas.pdf','uploads/68caffd9ec61c2.85360904-La adquisicion de la lectura y la escritura_Lecturas.pdf','2025-09-17 18:37:13');
/*!40000 ALTER TABLE `recursos` ENABLE KEYS */;
UNLOCK TABLES;

--
-- Table structure for table `usuarios`
--

DROP TABLE IF EXISTS `usuarios`;
/*!40101 SET @saved_cs_client     = @@character_set_client */;
/*!50503 SET character_set_client = utf8mb4 */;
CREATE TABLE `usuarios` (
  `id` int NOT NULL AUTO_INCREMENT,
  `nombre` varchar(255) COLLATE utf8mb4_general_ci NOT NULL,
  `email` varchar(255) COLLATE utf8mb4_general_ci NOT NULL,
  `password` varchar(255) COLLATE utf8mb4_general_ci NOT NULL,
  `estado` varchar(20) COLLATE utf8mb4_general_ci NOT NULL DEFAULT 'pendiente',
  `token_verificacion` varchar(255) COLLATE utf8mb4_general_ci DEFAULT NULL,
  `telefono` varchar(20) COLLATE utf8mb4_general_ci DEFAULT NULL,
  `plan_activo` int DEFAULT NULL,
  `plan_id` varchar(50) COLLATE utf8mb4_general_ci DEFAULT NULL,
  `fecha_proximo_pago` date DEFAULT NULL,
  `stripe_customer_id` varchar(255) COLLATE utf8mb4_general_ci DEFAULT NULL,
  `stripe_subscription_id` varchar(255) COLLATE utf8mb4_general_ci DEFAULT NULL,
  `reset_token` varchar(255) COLLATE utf8mb4_general_ci DEFAULT NULL,
  `reset_token_expires_at` datetime DEFAULT NULL,
  `usos_plan_basico` int NOT NULL DEFAULT '0',
  `usos_plan_intermedio` int NOT NULL DEFAULT '0',
  `usos_fisica` int NOT NULL DEFAULT '0',
  `usos_evaluacion_diagnostica` int NOT NULL DEFAULT '0',
  `usos_evaluacion` int NOT NULL DEFAULT '0',
  `usos_protocolos` int NOT NULL DEFAULT '0',
  `usos_bitacora` int NOT NULL DEFAULT '0',
  `usos_contexto` int NOT NULL DEFAULT '0',
  `fecha_inicio_ciclo` date DEFAULT NULL,
  `psicologo_solicitado` tinyint(1) NOT NULL DEFAULT '0',
  `usos_examenes` int NOT NULL DEFAULT '5',
  `status` varchar(20) COLLATE utf8mb4_general_ci DEFAULT 'activo',
  `usos_diarios_padres` int NOT NULL DEFAULT '2',
  `ultimo_uso_padres` date DEFAULT NULL,
  `referido_por` varchar(50) COLLATE utf8mb4_general_ci DEFAULT NULL,
  `contexto_guardado` text COLLATE utf8mb4_general_ci,
  PRIMARY KEY (`id`),
  UNIQUE KEY `email` (`email`)
) ENGINE=InnoDB AUTO_INCREMENT=336 DEFAULT CHARSET=utf8mb4 COLLATE=utf8mb4_general_ci;
/*!40101 SET character_set_client = @saved_cs_client */;

--
-- Dumping data for table `usuarios`
--

LOCK TABLES `usuarios` WRITE;
/*!40000 ALTER TABLE `usuarios` DISABLE KEYS */;
INSERT INTO `usuarios` VALUES (1,'Arturo','IngArturoDaliMoran@gmail.com','$2y$10$M5aI.OMLaOA0Rk0I0yFsUuUBMxlcdWbdSz80pb3y0ybeGRItfPha2','pendiente',NULL,'3322564069',2,NULL,NULL,NULL,NULL,NULL,NULL,983,977,999,997,999,987,999,0,NULL,0,997,'activo',1,'2026-05-14',NULL,'TENGO 35 ESTUDIANTES, 21 NIÑAS Y 14 NIÑOS, LES GUSTA CANTAR, MOVERSE Y HACER EXPERIMETOS, TENGO UNA NIÑA CON REZAGO SEVERO NO SABE LEER NI ESCRIBIR'),(4,'Milimon','mariscalmilagros3@gmail.com','$2y$10$QknRWb17Oh4Ecerq0.ET.uxRQtmsr3Kur70zcepNKO4t0vyozqbQu','pendiente',NULL,'3315330913',2,NULL,NULL,NULL,NULL,NULL,NULL,80,80,80,80,99,80,80,0,NULL,0,80,'activo',1,'2026-01-27',NULL,NULL),(5,'MARIO','Mario@gmail.com','$2y$10$XeB0I8PPk6N3uN2TPBm5t.MI9cthfS4XuUSyG8GFDIQQoCP3SlbTi','pendiente',NULL,'2233445566',0,NULL,NULL,NULL,NULL,NULL,NULL,0,0,0,0,0,0,0,0,NULL,0,5,'activo',2,NULL,NULL,NULL),(6,'Platanito@gmail.com','Platanito@gmail.com','$2y$10$NBOO9J/WRfe6J3FNKuWjO.CFzmKlMsWe5wSLMmrz4UyaSJV.5ZzjK','pendiente',NULL,'2233445566',2,NULL,NULL,NULL,NULL,NULL,NULL,2,17,2,11,2,7,10,0,'2026-07-08',0,9,'activo',2,NULL,NULL,NULL),(7,'Manuel Segoviano','manuelsal2@hotmail.com','$2y$10$tk3Vpk3qBPguZ0Sk8ZTV1.Cv1K18M2HXH17iDKP15gZTo7TORnvzy','pendiente',NULL,'3313959671',2,NULL,NULL,NULL,NULL,NULL,NULL,5,5,5,5,5,5,5,0,NULL,0,5,'activo',2,NULL,NULL,NULL),(8,'Janeth Esmeralda Estrada Velazquez ','janethvelazquez04000@gmail.com','$2y$10$uGZ8CjefUumx.t3ep4dD.u2.TXpBgbKKm1dQKN.lEh3191yoZn.G.','pendiente',NULL,'3311737180',2,NULL,NULL,NULL,NULL,NULL,NULL,4,4,5,5,5,4,5,0,NULL,0,5,'activo',2,NULL,NULL,NULL),(9,'Nancy Dianela González Pérez ','ndgp2121@gmail.com','$2y$10$5O6eJJTnrSfclDvxB.uoOOU4TV9E11YBCz5sC/iS723uRGazBY0.K','pendiente',NULL,'3331587634',2,NULL,NULL,NULL,NULL,NULL,NULL,4,4,5,4,5,3,3,0,NULL,0,5,'activo',2,NULL,NULL,NULL),(10,'Mariel Rodríguez Aguirre ','sailormaye1988@gmail.com','$2y$10$WbJX.iTa4TJGJOTJ02a5xu8oP3YdIQCgR8fgvIcM1evNsmYYaRXHK','pendiente',NULL,'3313836385',2,NULL,NULL,NULL,NULL,NULL,NULL,4,4,2,5,5,5,3,0,NULL,0,5,'activo',2,NULL,NULL,NULL),(11,'Ana Lilia Tiscareño Casillas ','colegiopierrefaure39@gmail.com','$2y$10$y66syXC4bPaKj6pdpqMRaOJ1xW.IEIyVNnwTI1uHx0jwDqqZPDTRi','pendiente',NULL,'3312338366',2,NULL,NULL,NULL,NULL,NULL,NULL,5,5,5,5,5,5,5,0,NULL,0,5,'activo',2,NULL,NULL,NULL),(12,'Lydia Díaz Ortiz ','lydia.diaz8924@alumnos.udg.mx','$2y$10$cMd1pGwgRwMabASTmsSJVucphnCvaic.UH4dFP9gLflPKV7ly2vMS','pendiente',NULL,'3325689284',2,NULL,NULL,NULL,NULL,NULL,NULL,14,9,10,10,10,10,10,0,NULL,0,5,'activo',2,NULL,NULL,NULL),(13,'Daniel Velasquez Zamorano','danielvz@gmail.com','$2y$10$wXtk22ZPNsxsE5TVRG/ZAu8PRtPj.g8ANGbTIpl4sJ0XmeeSNnQ5.','pendiente',NULL,'3322564069',NULL,NULL,NULL,NULL,NULL,NULL,NULL,0,0,0,0,0,0,0,0,NULL,0,5,'activo',2,NULL,NULL,NULL),(14,'Kalid Mulgado Sanchez ','kalidms@gmail.com','$2y$10$BpJsRI0catuUenzVXBwLsOj10BLUY/n6gAJPXJW/ilQCHKbucWJy.','pendiente',NULL,'2211445522',NULL,NULL,NULL,NULL,NULL,NULL,NULL,0,0,0,0,0,0,0,0,NULL,0,5,'activo',2,NULL,NULL,NULL),(15,'Alfredo Jovanny Ibarra Aguilar ','Jovannyibarra1@outlook.com','$2y$10$sHA8PpNm4WUoSWPr0e4S9ONtrVW1pdNwUxL4eESh7eFV1gntBd//W','pendiente',NULL,'3334903991',2,NULL,NULL,NULL,NULL,NULL,NULL,1,3,4,3,4,3,4,0,NULL,0,5,'activo',2,NULL,NULL,NULL),(16,'Mario Alfredo Salas Pérez','marioa.salas90@gmail.com','$2y$10$rt5Y88FMQVWEeE/H4433Fe8RgDhZq/G0QYaIfka1U36erxVREGeLa','pendiente',NULL,'3313888954',2,NULL,NULL,NULL,NULL,'e766384d300b2cfc0a7909488678cae5af487a3d304c99508627176657718bd4','2025-08-19 01:11:11',4,2,4,3,4,4,5,0,NULL,0,5,'activo',2,NULL,NULL,NULL),(17,'Arturo Dali Moran Gamiño','arturo.moran@jaliscoedu.mx','$2y$10$oNrtdSK9DpU.40OPit.APeUony6erZYl8yOT5RhuB5RajyF1zpWO6','pendiente',NULL,'332256469',2,NULL,NULL,'cus_StNoLz1fbkUYwx','sub_1Rxb2bI8fBGkCwpDQdAyx1e5',NULL,NULL,6,2,3,7,0,6,5,0,'2026-04-01',0,4,'activo',2,NULL,NULL,NULL),(18,'Alejandra Cárdenas de la Concha','alejandra.cardenas@jaliscoedu.mx','$2y$10$Y8lfuDTuPuRmFG3ezQk7w.NsqkgtJHmLw5ApwWfqnkzxbTr4cdyaa','pendiente',NULL,'3334564176',2,NULL,NULL,NULL,NULL,NULL,NULL,4,4,3,4,4,4,4,0,NULL,0,5,'activo',2,NULL,NULL,NULL),(19,'maria del consuelo castellanos barrera','maria.castellanosb@jaliscoedu.mx','$2y$10$NplWsY.z72qNFmH1CaGy6.jZIJ8BqaxBJcFGZ.KuwYGeszeD2eeVC','pendiente',NULL,'3310265912',2,NULL,NULL,NULL,NULL,NULL,NULL,1,1,1,1,1,1,1,0,NULL,0,5,'activo',2,NULL,NULL,NULL),(20,'Claudia Alejandra Álvarez Orozco ','alvalente1315@gmail.com','$2y$10$dmaFDPf2IjaMCOxi/XjtxeXz.HHUfREIUH5VkyL4JpRbs82OvYc.W','pendiente',NULL,'3314853663',2,NULL,NULL,NULL,NULL,NULL,NULL,8,10,5,5,10,10,10,0,NULL,0,5,'activo',2,NULL,NULL,NULL),(21,'Beatriz González ','betyceballos5@gmail.com','$2y$10$cQvKiaHH6L2pkmbaEWOK9uPa21ILS4K5wzH//AaCQCKg9ylquR45m','pendiente',NULL,'3315846891',2,NULL,NULL,NULL,NULL,NULL,NULL,2,2,2,2,2,2,2,0,NULL,0,5,'activo',2,NULL,NULL,NULL),(22,'Ana Lilia Muñiz ','analy81@hotmail.com','$2y$10$sVGhWIclKGvRMgCkp/Sff.N6/0E3ssxUj9dF09OVutBHmH0atNNpu','pendiente',NULL,'3321202359',2,NULL,NULL,NULL,NULL,NULL,NULL,2,2,2,2,2,2,2,0,NULL,0,5,'activo',2,NULL,NULL,NULL),(23,'Nelcy ','nelcy.tamayo@jaliscoedu.mx','$2y$10$Sys/MGbP75bk07J/GofoxOpb3FOtPIAUkE2aj.8DaaoisCHeRUa8G','pendiente',NULL,'3741007030',2,NULL,NULL,NULL,NULL,NULL,NULL,2,2,2,2,2,2,2,0,NULL,0,5,'activo',2,NULL,NULL,NULL),(24,'JULIA FERNANDA ','nanda300590@gmail.com','$2y$10$JFAPjkfkfvt6kMOD9YnKeeh0IyIKluZxgcmFw.sohEg1K8azP7bj6','pendiente',NULL,'3322254102',2,NULL,NULL,NULL,NULL,NULL,NULL,2,2,2,2,2,2,2,0,NULL,0,5,'activo',2,NULL,NULL,NULL),(25,'Paola Guadalupe Romero Cervantes','pgr2311@gmail.com','$2y$10$j1huE4FmdQFqye0sDignZu9AXbgb.i7yeQRmWqH8BHCT34nL1ygne','pendiente',NULL,'3314837497',2,NULL,NULL,NULL,NULL,NULL,NULL,1,2,2,2,2,2,2,0,NULL,0,5,'activo',2,NULL,NULL,NULL),(26,'Nidia Ruiz ','nidiamruiz@gmail.com','$2y$10$aYehEL9rOh7oJrgkw6aCVueu6b1AJtgrHkYGVEMuc38QdeOxn3Pmq','pendiente',NULL,'3781153735',2,NULL,NULL,NULL,NULL,NULL,NULL,2,2,2,2,2,2,2,0,NULL,0,5,'activo',2,NULL,NULL,NULL),(27,'Ana Karen Macías Nuñez','ana.macias61@jaliscoedu.mx','$2y$10$0m8gZqLOXzy84zAcZIjk/uoBZ3svXg5hGLJHg3Aec7E5TdTQbox5S','pendiente',NULL,'3353311146',2,NULL,NULL,NULL,NULL,NULL,NULL,7,7,5,2,9,8,9,0,NULL,0,5,'activo',2,NULL,NULL,NULL),(28,'LUISA ESMERALDA','esmeraldasocratesgam@gmail.com','$2y$10$ib4OU8VhMKJpGey8VbMHMutagstC8c0jrL.bFS5F.5Z43UvJ3RjG6','pendiente',NULL,'3318226434',2,NULL,NULL,NULL,NULL,'920a2b0c926092d3583614dc722cf31a4bdd25a02d00783620d697e9bddfefc6','2026-05-19 05:02:58',45,45,50,50,0,50,50,0,NULL,0,50,'activo',2,NULL,NULL,NULL),(29,'LUISA ESMERALDA','2025.luisa.moran@bycenj.edu.mx','$2y$10$dEAHdB2fD7LGvNJiQPuJber4qDVshkxuI4Xpop3kfWf1Vf52kMOlq','pendiente',NULL,'3318226434',2,NULL,NULL,NULL,NULL,'cfc2639718a2b0c78a80bb7830752a632841adcde43460a76de0466cedae0325','2026-05-11 06:33:43',0,2,2,0,2,2,2,0,NULL,0,5,'activo',2,NULL,'Cetl0022026',NULL),(30,'Brandon Alexis Amador Pérez ','brandon.amador51@jaliscoedu.mx','$2y$10$MVjoQDtm5zmSFAjxlNMFaufPp/b/edWDLgrW3Y3m/LWZaocozdK7K','pendiente',NULL,'3331706818',2,NULL,NULL,NULL,NULL,NULL,NULL,2,2,2,2,2,2,2,0,NULL,0,5,'activo',2,NULL,NULL,NULL),(31,'Emma judith Díaz Rodríguez rodriguez ','arted83@gmail.com','$2y$10$rzb5RzJ5JfQr.PJoCPvDi.fTclHvp6LEkNmt5J0ngRykpRA6f1L/.','pendiente',NULL,'3310268683',2,NULL,NULL,NULL,NULL,NULL,NULL,2,2,2,2,2,2,2,0,NULL,0,5,'activo',2,NULL,NULL,NULL),(32,'Edgar Gerardo Gómez flores','compadre-10@hotmail.com','$2y$10$WJd6GDQyCjK9ZI3HtKHoX.0eiT7xfHLRuqQysJ8TzDHgYM3lUMogK','pendiente',NULL,'3314280445',2,NULL,NULL,NULL,NULL,NULL,NULL,2,2,2,2,2,2,2,0,NULL,0,5,'activo',2,NULL,NULL,NULL),(33,'Diana Gabriela Salgado Gutiérrez ','dianagaby28@gmail.com','$2y$10$2oRM/vAFTkYBZoRvKJvL6e/mje0iKx6ZH6GxrFohH7AGHQT3P8Y5i','pendiente',NULL,'3320500427',2,NULL,NULL,'cus_SxDbsLYGQS0Dqh','sub_1S1JAPI8fBGkCwpDCSeZsfjj',NULL,NULL,7,5,9,4,2,5,9,0,'2025-08-29',0,8,'activo',2,NULL,NULL,NULL),(34,'José Salvador Soc Torres','jose.soc@docentes.sej.gob.mx','$2y$10$aqcOL.rcY4OTNu8nHMgdRu0otqKxvxmigNwPQ94uKluFnTQi1R/RC','pendiente',NULL,'3316047424',0,NULL,NULL,NULL,NULL,NULL,NULL,2,2,2,2,2,2,2,0,NULL,0,5,'activo',2,NULL,NULL,NULL),(35,'Ana Luisa Hernández ','analuhr21@hotmail.com','$2y$10$t5J41FXf6GHYS5aXKJ.4BecgmEtr4gIcC/vjwOvoGh8kJ5ZzsShDa','pendiente',NULL,'3313671488',2,NULL,NULL,NULL,NULL,NULL,NULL,0,2,2,2,2,2,2,0,NULL,0,5,'activo',2,NULL,NULL,NULL),(36,'Sergio Galaviz Ramirez','sergio.galaviz@jaliscoedu.mx','$2y$10$Egc73V2ivtuGawG1erg6gervAJNvT6K8VkBxxEVFX88fYdDgXBdne','pendiente',NULL,'3335568147',2,NULL,NULL,NULL,NULL,NULL,NULL,10,10,2,10,10,10,10,0,NULL,0,5,'activo',2,NULL,NULL,NULL),(37,'Vivian Lara ','vivian19lara@gmail.com','$2y$10$Hfq3A8E9cFzhUSUBMMebIOPdceb6KdaNyJeGbtNcVMvAJt1d9VPkK','pendiente',NULL,'3325986157',2,NULL,NULL,NULL,NULL,NULL,NULL,0,1,2,2,2,2,2,0,NULL,0,4,'activo',2,NULL,NULL,NULL),(38,'Angeles Berenice Castellanos Jiménez ','berenice.jmayo25@gmail.com','$2y$10$NXDRIGSn.Xpkifo1JNE2tuBuTjsYdpwLXPYOANHaz5Ju5Ndv9bpPm','pendiente',NULL,'3318201459',2,NULL,NULL,NULL,NULL,NULL,NULL,2,2,2,2,2,2,2,0,NULL,0,5,'activo',2,NULL,NULL,NULL),(39,'PRUEBA','docentesconcausaedtech@gmail.com','$2y$10$F2ABTFYOVIkkC4w1rfvtPuW7T0bAJHfyzElr.n0APVNOmi/QAxeLK','pendiente',NULL,'3322564069',NULL,NULL,NULL,NULL,NULL,NULL,NULL,0,0,0,0,0,0,0,0,NULL,0,5,'activo',2,NULL,NULL,NULL),(40,'Micaela Arredondo Ceja','micaela.arredondo@jaliscoedu.mx','$2y$10$lwMoG.DXpPfS0P5sxApfyOVaVP/wxtP9jv26zZhHW8tzmsGA6zzRG','pendiente',NULL,'3311414546',2,NULL,NULL,NULL,NULL,NULL,NULL,3,3,2,3,3,3,3,0,NULL,0,5,'activo',2,NULL,NULL,NULL),(41,'Angelina Alcantar Nungaray','angelina.alcantar@jaliscoedu.mx','$2y$10$2cGP6WbklcaASpjSFZG3YeyTPVBWO0C99aWbVAuvpNXbFqvsZbEDS','pendiente',NULL,'3311561818',2,NULL,NULL,NULL,NULL,NULL,NULL,5,5,5,5,5,5,5,0,NULL,0,5,'activo',2,NULL,NULL,NULL),(42,'Ana Karen Díaz García ','nerak24ana@gmail.com','$2y$10$EOXggXzkwgr4hksAWuJ0MueISZhfpm/V5Ns7z.gI/EojE6NBjUOkO','pendiente',NULL,'3312725499',2,NULL,NULL,NULL,NULL,NULL,NULL,2,2,2,2,2,2,2,0,NULL,0,5,'activo',2,NULL,NULL,NULL),(43,'PAOLA Contreras Negrete ','pcnegrete84@gmail.com','$2y$10$6QfWzRpOGOYviFxTJwnXu.KecsjZGTkg4Zvubz1LEuNFZAerZSt4a','pendiente',NULL,'3334898136',2,NULL,NULL,NULL,NULL,NULL,NULL,2,2,2,2,2,2,2,0,NULL,0,5,'activo',2,NULL,NULL,NULL),(44,'Gabriela Michel Casillas','gayomica@gmail.com','$2y$10$YWTYC4vibKl0tjenRu6IGeIUK6YQgfBabWOMSptVrj.J2pMuF0qdS','pendiente',NULL,'3318038351',2,NULL,NULL,NULL,NULL,NULL,NULL,2,2,2,2,2,2,2,0,NULL,0,5,'activo',2,NULL,NULL,NULL),(45,'Sandra De la Rosa','lupiwiss10@gmail.com','$2y$10$sExRyVqWNpk4Q0LV1I1ZC.qcF98BKR8WzOo5GVAmZVcOs3T19kbdm','pendiente',NULL,'3311144303',2,NULL,NULL,NULL,NULL,NULL,NULL,2,2,2,2,2,2,2,0,NULL,0,5,'activo',2,NULL,NULL,NULL),(46,'Tamara Alejandra Gonzalez Perez','tamara.gonzalez@jaliscoedu.mx','$2y$10$9vNU5kHohjSx84p/RWO7B.60NZTuqhAme9.dKj0krLyeRaYFmTNfe','pendiente',NULL,'3333906511',2,NULL,NULL,NULL,NULL,NULL,NULL,3,3,2,4,3,3,3,0,NULL,0,5,'activo',2,NULL,NULL,NULL),(47,'Daniel Navarro','daniel.n.2917@gmail.com','$2y$10$Iln/ecSF6XkaY2GNewtig.K0g..ymPMkVhAxbjr5NjyEMkcfU1QPy','pendiente',NULL,'3314065406',2,NULL,NULL,NULL,NULL,NULL,NULL,3,3,2,4,3,3,3,0,NULL,0,5,'activo',2,NULL,NULL,NULL),(48,'SARA CECILIA PALAFOX MARTINEZ','saracecilia.palafox18@jaliscoedu.mx','$2y$10$zI9ULHbw7bMyfgPEnqoPYePhrQ9UcURjOLU6gkykLjiJhNL6dtO2S','pendiente',NULL,'3337230098',2,NULL,NULL,NULL,NULL,NULL,NULL,3,3,2,4,3,3,3,0,NULL,0,5,'activo',2,NULL,NULL,NULL),(49,'Cristal Jazmin Amador ','cristaljazmin.acl@gmail.com','$2y$10$aWsUYJw3470559QhOCoSqu8PBiAb5JzVZOzHl0wq.QTNhOWQuzYZ6','pendiente',NULL,'3326550539',2,NULL,NULL,NULL,NULL,NULL,NULL,0,1,2,4,3,3,3,0,NULL,0,5,'activo',2,NULL,NULL,'El grupo tiene 30 alumnos, 15 niñas y 15 niños, de los cuales la mayoría aprende de manera kinestésica, prefieren realizar actividades creativas y lúdicas, les gusta la música, cantar y bailar. Suelen platicar constantemente, y pierden la concentración de forma rápida y fácil. La mitad del grupo tiene un ritmo de trabajo lento, y la otra mitad tiene un ritmo de trabajo rápido. Saben seguir indicaciones. Tienen dificultades de los alumnos para regular sus emociones y establecer relaciones libres de violencia. Necesitan practicar y reconocer sus emociones, así como estrategias para mantener una convivencia sana y pacífica, además de la práctica de valores éticos.'),(50,'Nadia García','lisa-coco@hotmail.com','$2y$10$KlZ0QFs1kljYDadRD4ckv.kE/zo2NoYKG6bgWBpRTlifHJu1PTnj6','pendiente',NULL,'3310450905',2,NULL,NULL,NULL,NULL,NULL,NULL,3,3,2,4,3,3,3,0,NULL,0,5,'activo',2,NULL,NULL,NULL),(51,'Aurora Margarita Angélica Cervantes Lizardi ','aumarang@gmail.com','$2y$10$8l.LqZ9FOVInj3ezka/fDunlLriVoRBZkiWhYLPFmSq1I21ogYRPW','pendiente',NULL,'3311673475',2,NULL,NULL,NULL,NULL,'4c5813fe59460043769e646e00c5b43de5ecd439e9f8cedda679365feb22a68b','2025-09-02 17:41:41',2,2,2,2,2,2,2,0,NULL,0,5,'activo',2,NULL,NULL,NULL),(52,'Raquel Alejandra Villegas Curiel ','rachcuriel@gmail.com','$2y$10$6smoDNec2rpSBQZu8vkYXuNmzipZW56txRP8KV0K9f0co6VDraDUS','pendiente',NULL,'3310705998',2,NULL,NULL,NULL,NULL,NULL,NULL,2,2,2,2,2,2,2,0,NULL,0,5,'activo',2,NULL,NULL,NULL),(53,'Lizeth Garcia ','nubia.garcia@jaliscoedu.mx','$2y$10$17wxKSJ7WvBZ1muB4p/Mp.9k37tkqTP5L0YpQ637lfvc4lXIGQGnW','pendiente',NULL,'3312193437',2,NULL,NULL,NULL,NULL,NULL,NULL,0,0,2,2,2,2,2,0,NULL,0,5,'activo',2,NULL,NULL,NULL),(54,'Balam Cruz','balamx123@gmail.com','$2y$10$KeKhoBIHaVR2xi/DfDjb.eohpy/ArMulvAPEYnEoFp0L4kZ3X0kvC','pendiente',NULL,'3312175230',2,NULL,NULL,NULL,NULL,NULL,NULL,2,2,2,2,2,2,2,0,NULL,0,5,'activo',2,NULL,NULL,NULL),(55,'Sairy Alexandra Meléndez Huerta','weradice@gmail.com','$2y$10$mtH3.BGfoRujKziyRO9WGuNrCjGpA4adj5/7XACjejzFgnYAOMFqi','pendiente',NULL,'3338141008',2,NULL,NULL,NULL,NULL,NULL,NULL,1,2,3,3,3,3,3,0,NULL,0,5,'activo',2,NULL,NULL,NULL),(56,'Berenice ','verevazquez@outlook.es','$2y$10$6zwwVPVusF5Z3YIp8VYqDeYeQZbFYROwQvQmtsvTWhG85EYMNBUSe','pendiente',NULL,'33 20401279',2,NULL,NULL,NULL,NULL,NULL,NULL,3,3,3,3,3,3,3,0,NULL,0,5,'activo',2,NULL,NULL,NULL),(57,'Nyree Nathali Ramirez Hermosillo ','maestranyree@gmail.com','$2y$10$Up7GQ4vqWiSzBBAju9vlGeE9cIswQ/HurBKMEqRcMiFDeawvOQK8e','pendiente',NULL,'3314441400',2,NULL,NULL,NULL,NULL,NULL,NULL,3,3,3,3,3,3,3,0,NULL,0,5,'activo',2,NULL,NULL,NULL),(58,'Estela González ','maria.gonzalez484@jaliscoedu.mx','$2y$10$3Qjtf04xUgIDYX1aTJOsvuH.8HQ2bXdTWVApqHAEEWKSTZprcu2xq','pendiente',NULL,'3312624760',2,NULL,NULL,NULL,NULL,NULL,NULL,3,3,3,3,3,2,3,0,NULL,0,5,'activo',2,NULL,NULL,NULL),(59,'Daniel Ramírez Figueroa ','danigreat182@gmail.com','$2y$10$BalJfIfFX1J5vhliBay8EOnLPmr2/wxTPMiOqOHyIO9FIDEoMBCRy','pendiente',NULL,'3311695896',2,NULL,NULL,NULL,NULL,NULL,NULL,2,2,2,2,2,2,2,0,NULL,0,5,'activo',2,NULL,NULL,NULL),(60,'Miriam Guadalupe Jaramillo ','miriamguadalupe123@gmail.com','$2y$10$Ohal0oYE4pZA3cXzAglVXOZ/y77ZOGHBDopJL0fkKTsmTDDdibphy','pendiente',NULL,'3312642307',2,NULL,NULL,NULL,NULL,NULL,NULL,2,2,2,2,2,2,2,0,NULL,0,5,'activo',2,NULL,NULL,NULL),(61,'Laura Margarita Plazola Gómez','laura.plazola@jaliscoedu.mx','$2y$10$N7m/FcOyBYoI0waR6zx2eOBx0TixzByG4KcCezXshtPS0BVUgV2DG','pendiente',NULL,'33.33.375.401',2,NULL,NULL,'cus_T4EsfbOUekT110','sub_1S86OSI8fBGkCwpDjLOy8dR6',NULL,NULL,0,1,2,2,2,2,2,0,'2025-09-16',0,5,'activo',2,NULL,NULL,NULL),(62,'Blanca Esmeralda Ortega Olivares','blanca.o2@hotmail.com','$2y$10$A.GZBUjnn8Jv6lCEtoM3oeOA6NjKXBTaKeQdF9Cv9FIpHfKSZj6je','pendiente',NULL,'3313999815',2,NULL,NULL,NULL,NULL,NULL,NULL,2,2,2,2,2,2,2,0,NULL,0,5,'activo',2,NULL,NULL,NULL),(63,'Annel Rosas Jaimez ','eliasliliet0423@outlook.es','$2y$10$4KIgtyrJ.u4iRW3ygMVHZ.xLFG9eNRwN0J.d.KqL4UF68bLvdxGU.','pendiente',NULL,'2383942180',2,NULL,NULL,NULL,NULL,NULL,NULL,2,2,2,2,2,2,2,0,NULL,0,5,'activo',2,NULL,NULL,NULL),(64,'Lidia Franco Arambula','lidia.franco@jaliscoedu.mx','$2y$10$7lbkoBlcdkBFOXYuT6kH4OuADTp9lRLXArxfZkGrCq0iGU6IFGAFi','pendiente',NULL,'3318542346',2,NULL,NULL,NULL,NULL,NULL,NULL,2,3,3,3,3,3,3,0,NULL,0,5,'activo',2,NULL,NULL,NULL),(65,'Cynthia Berenice Pérez Ruiz ','cynthia.perezr@jaliscoedu.mx','$2y$10$.uL33fbTPI8c6aC/9mDyFuhYUBvV8kUc/kMQsG2DQCiGEcg140YEi','pendiente',NULL,'3322204009',2,NULL,NULL,NULL,NULL,NULL,NULL,3,2,2,3,3,3,3,0,NULL,0,5,'activo',2,NULL,NULL,NULL),(66,'María del Refugio Rodríguez ','cuquis.rguez1@gmail.com','$2y$10$WbtHXKsN23TlYOAPiDLkReO0HK4Y.AGESEqW1/gSeFxRJruM7SjqK','pendiente',NULL,'3332563331',2,NULL,NULL,NULL,NULL,NULL,NULL,2,2,2,2,2,2,2,0,NULL,0,5,'activo',2,NULL,NULL,NULL),(67,'Reyna alvarez','reynita14_2@hotmail.com','$2y$10$6/AqoU.ozMcxTEbAAC1jW.mVSna/2QFhFo37tGNuDxiuUs6snCtY.','pendiente',NULL,'3313206268',2,NULL,NULL,NULL,NULL,NULL,NULL,2,2,2,2,2,2,2,0,NULL,0,5,'activo',2,NULL,NULL,NULL),(68,'Beatriz Adriana González ','beatriz.gonzaleza@jaliscoedu.mx','$2y$10$RapnDN7SSFdAEWyV2Q0NzuDqOswG/ncvB.bhViszO0RU1TozqNgGS','pendiente',NULL,'3315467463',2,NULL,NULL,NULL,NULL,NULL,NULL,2,2,2,2,2,2,2,0,NULL,0,5,'activo',2,NULL,NULL,NULL),(69,'María Rodríguez ','maria.villela@jaliscoedu.mx','$2y$10$KkG9vCRNaxXMku5kZeox..htiKuF6RQMknoQD744p63D6ikw5u5hK','pendiente',NULL,'3332563331',2,NULL,NULL,NULL,NULL,NULL,NULL,0,2,2,2,2,2,2,0,NULL,0,5,'activo',2,NULL,NULL,NULL),(70,'Brenda Mariela Larios López','brenda.larios@jaliscoedu.mx','$2y$10$4xBZAT0qUCEqxqU2PM27reyucEOAR.FgwlbSGazlMS1.raI4sJo8W','pendiente',NULL,'3312830786',2,NULL,NULL,NULL,NULL,NULL,NULL,2,2,2,2,2,2,2,0,NULL,0,5,'activo',2,NULL,NULL,NULL),(71,'Brenda Berenice Chavez Govea ','mtra.brendabcg@gmail.com','$2y$10$4AHtwtEPJa16zVakE6UoGOD8LeFsTKX02V3FatAD6Gt6rA/yRusl2','pendiente',NULL,'33 2494 5629',2,NULL,NULL,NULL,NULL,NULL,NULL,2,2,2,2,2,2,2,0,NULL,0,5,'activo',2,NULL,NULL,NULL),(72,'Citlalli Monserrat Zuñiga ','zmonserrat88@gmail.com','$2y$10$uJ9fxm4Rpl1w3E71KGDn.eo//6BLkA5GGCsH1d8aHPm3NkedAGK16','pendiente',NULL,'33 1399 2504',2,NULL,NULL,NULL,NULL,NULL,NULL,2,2,2,2,2,2,2,0,NULL,0,5,'activo',2,NULL,NULL,NULL),(73,'Rodolfo Rodríguez Villela','rodorv54@gmail.com','$2y$10$PWL36Wet3bLtt091gvMcO.74F5dYdw0lNIJeBIwPS6IJIlJupvg.6','pendiente',NULL,'3891122560',2,NULL,NULL,NULL,NULL,NULL,NULL,2,2,2,2,2,2,2,0,NULL,0,5,'activo',2,NULL,NULL,NULL),(74,'Alejandra Cervantes ','alecermo@gmail.com','$2y$10$GZciQEFHrcJ5HSPNUzB3OOPvQv0IVTBF7viDP/c5js64qux7hkj7q','pendiente',NULL,'3318043298',2,NULL,NULL,NULL,NULL,NULL,NULL,3,4,4,4,4,4,4,0,NULL,0,5,'activo',2,NULL,NULL,NULL),(75,'Uriel López Marques ','uriel.lopez@jaliscoedu.mx','$2y$10$8WnGB0ps./T9BkxRGmVE9uCS86fQARUHsEVJ/6LhmI0p2.W5lcy3q','pendiente',NULL,'3787907286',2,NULL,NULL,NULL,NULL,NULL,NULL,4,4,4,4,4,4,4,0,NULL,0,5,'activo',2,NULL,NULL,NULL),(76,'Elsy Araceli Becerra Gutiérrez ','elsy.becerra@jaliscoedu.mx','$2y$10$EAA5zfq7N7cCaCedE6yDqeYQlHiEKRcZb1Ih.MmEq4X/P/uAOQl1u','pendiente',NULL,'3314561680',2,NULL,NULL,NULL,NULL,NULL,NULL,4,4,4,4,4,4,4,0,NULL,0,5,'activo',2,NULL,NULL,NULL),(77,'Alejandro Lopez Regalado ','alejandro.lopez76@jaliscoedu.mx','$2y$10$Ah0bVRxCLgXcPjBdOy2r2OtchV5mEJ3VD0nBj4O/bHVIrW9A0k84y','pendiente',NULL,'3312876879',2,NULL,NULL,NULL,NULL,NULL,NULL,4,4,3,4,4,4,4,0,NULL,0,5,'activo',2,NULL,NULL,NULL),(78,'Laura Nathaly Maravilla Garcia','laura.maravilla@jaliscoedu.mx','$2y$10$KnTFoKpR0J1gkG5QYjqx0.stkddpm6WA8v098C7s2J/9kOLRn54wO','pendiente',NULL,'3312552450',1,NULL,NULL,NULL,NULL,NULL,NULL,1,1,1,1,3,1,1,0,NULL,0,1,'activo',2,NULL,NULL,NULL),(79,'reyna','cuellaralva20@gmail.com','$2y$10$4xmJZhb8wA5xXxn6wrkkxO07gL8bH9tHD3BB.3qlxujVTYRBdSnce','pendiente',NULL,'00000000000',0,NULL,NULL,NULL,NULL,NULL,NULL,0,0,0,0,0,0,0,0,NULL,0,5,'activo',2,NULL,NULL,NULL),(80,'Casandra de Jesús Jaramillo Rodríguez ','casandra.jaramillo@jaliscoedu.mx','$2y$10$gDSjF3EAQ8j9ydp0XL2kVOwuclmItnHKfTZ6AaJEXhNKKeg5ONwO.','pendiente',NULL,'3121155011',2,NULL,NULL,NULL,NULL,NULL,NULL,2,2,2,2,2,2,2,0,NULL,0,5,'activo',2,NULL,NULL,NULL),(81,'María del Refugio Gómez Salcedo ','del.gomezs@jaliscoedu.mx','$2y$10$edoWEYWQFt/4.fJz08o6u.6nm3mMk360n.LVfA.GlgfACWaCASPmq','pendiente',NULL,'3341835532',2,NULL,NULL,NULL,NULL,NULL,NULL,1,2,2,1,2,2,2,0,NULL,0,5,'activo',2,NULL,NULL,NULL),(82,'Ana Patricia Silva Villalobos','patysilva21.apsv@gmail.com','$2y$10$5K/x5irCOpQRoRxhW/1WVuaoyN.T2JT24NqFGbZDCUZmTe5rG/ZuK','pendiente',NULL,'3313107168',2,NULL,NULL,NULL,NULL,NULL,NULL,5,5,5,5,5,5,5,0,NULL,0,5,'activo',2,NULL,NULL,NULL),(83,'Ana Lilia Muñiz Carrion ','analymunizcarrion@gmail.com','$2y$10$PkWX2bW0Drl02QYC9oNA.eA1Ars/j5aAae5/FTfisYdbeff3FcOA6','pendiente',NULL,'3321202359',2,NULL,NULL,NULL,NULL,NULL,NULL,2,2,2,2,2,2,2,0,NULL,0,5,'activo',2,NULL,NULL,NULL),(84,'Lopoloifhidwjdwfefee fjedwjdwj ijwhfwdj wfiefwjdwd hwidjwidhwfhwidjiwj hjfhefjhwifhewfiwejj hfiwhfqwjhfqwiefgwiej docentesconcausa.com','nomin.momin+102n6@mail.ru','$2y$10$v6IEN5GTiqXELe995ujvEeGzDI3602LVEGqBYJxVZ/dvGDkv/BrZa','pendiente',NULL,'87332724567',NULL,NULL,NULL,NULL,NULL,NULL,NULL,0,0,0,0,0,0,0,0,NULL,0,5,'inactivo',2,NULL,NULL,NULL),(85,'Hanny Andrea Fernandez Ruiz ','hanny20007@gmail.com','$2y$10$8Vb78eAo/Knqyp98mhbOa.6q/o7kNZiVe3L6Ibr/0sChFTGxE3OuG','pendiente',NULL,'3332361707',2,NULL,NULL,NULL,NULL,NULL,NULL,2,2,2,2,2,2,2,0,NULL,0,5,'activo',2,NULL,NULL,NULL),(86,'Sonia Michelle Torres Ruiz ','smichelle.tr123@gmail.com','$2y$10$HBRCehoOZOMPexrYHuKTyeHd0/aiBiwaOhNmOrslpGUhwK/BjM.WS','pendiente',NULL,'3338149309',2,NULL,NULL,NULL,NULL,NULL,NULL,2,2,2,2,2,2,2,0,NULL,0,5,'activo',2,NULL,NULL,NULL),(87,'Ana Lilia Muñiz ','analiliamunizcarrion@gmail.com','$2y$10$n82dqhw4I7kM/KhQ5Sc.menI9ncakke0yAHotg7bMvxRi08X0z5D6','pendiente',NULL,'332120',NULL,NULL,NULL,NULL,NULL,NULL,NULL,0,0,0,0,0,0,0,0,NULL,0,5,'activo',2,NULL,NULL,NULL),(88,'Naomi Anahi Martínez Gonzalez','2025.naomi.martinez@bycenj.edu.mx','$2y$10$OBPZfZF8aI53cvWGYDxZEu4j3xMrTflTDC4XxjYkCEcArHhOpJOJG','pendiente',NULL,'3317463302',2,NULL,NULL,NULL,NULL,NULL,NULL,2,2,2,2,2,2,2,0,NULL,0,5,'activo',2,NULL,NULL,NULL),(89,'Gabriela Lizbeth Zuñiga Salazar ','moru_enfa94@hotmail.com','$2y$10$lOpU6b8Gls5xh1xlKWC0QuCED3JcsK/1b1eGOMsE9y5i76YvLE3qS','pendiente',NULL,'3350224094',1,NULL,NULL,NULL,NULL,NULL,NULL,2,0,0,0,0,0,0,0,NULL,0,5,'activo',2,NULL,NULL,NULL),(90,'ARACELI','aruizreyes@live.com.mx','$2y$10$cES0h5IyjiOOdr36a0mTluM4jwBuxSs6Ntc9OU7FdUh.kZq/hw2sS','pendiente',NULL,'3316998251',0,NULL,NULL,NULL,NULL,NULL,NULL,0,0,0,0,0,0,0,0,NULL,0,5,'activo',2,NULL,NULL,NULL),(91,'Jeannete monserrta Garcia cardona','monsecardonaa@gmail.com','$2y$10$bFEtGy9wvThHsyJVW84Nz.4q16qw5i.2TMfkt2hufDuAOdfvhdLjW','pendiente',NULL,'3322572513',2,NULL,NULL,NULL,NULL,NULL,NULL,2,2,2,2,2,2,2,0,NULL,0,5,'activo',2,NULL,NULL,NULL),(92,'Andrea camarena','andrea12camarena@gmail.com','$2y$10$hE5JBtWwQOo9cTPCCmDnxeWnTSUCaVC5f17uYGic/aOmaWw8lG/nm','pendiente',NULL,'3334702746',2,NULL,NULL,NULL,NULL,NULL,NULL,2,2,2,2,2,2,2,0,NULL,0,5,'activo',1,'2025-10-14',NULL,NULL),(93,'Erika Gabriela Delgado Reynoso ','erikagabyreynoso@gmail.com','$2y$10$nUjXGKhi.StJOBSuwoYJUOoqzycjtfLy/Eb.4GXc8XO17W2.wXJdq','pendiente',NULL,'3313316088',2,NULL,NULL,NULL,NULL,NULL,NULL,2,2,2,2,2,2,2,0,NULL,0,5,'activo',0,'2025-10-15',NULL,NULL),(94,'Miriam Guadalupe Medel Guerrero ','medel87.miriam@icloud','$2y$10$lI9VEoKQEygDujacZigqced6G.zDwfsu8P.1SF4hAnZ4fhzxABLgS','pendiente',NULL,'3314136600',2,NULL,NULL,NULL,NULL,NULL,NULL,2,2,2,2,2,2,2,0,NULL,0,5,'activo',1,'2025-10-15',NULL,NULL),(95,'David','shyanne_christiansen29@ifastnet1.com','$2y$10$g85Hffkaa6yfEB8t0LQA9OpnZXsM2Xe6PLIRenaWlx9HFJLgn03yu','pendiente',NULL,'7518738506',2,NULL,NULL,NULL,NULL,NULL,NULL,2,2,2,2,2,2,2,0,NULL,0,5,'activo',2,NULL,NULL,NULL),(96,'Mitzi Melissa Porras Lizaola','porrasmitzimelissa@gmail.com','$2y$10$Z3UIuXvt0EqjhbcVzrNyIecydyLDaL8pcveqZXBDAEwoYj.AoKV1S','pendiente',NULL,'3337222057',2,NULL,NULL,NULL,NULL,NULL,NULL,2,2,2,2,2,2,2,0,NULL,0,5,'activo',2,NULL,NULL,NULL),(97,'Edgar Andres Aguilar Palos','edgar.aguilarp@jaliscoedu.mx','$2y$10$RywSuXZIXwWyzm.aInjOzO7Atn/W9f5CdXpjdpoi4lSW7rXWC05.u','pendiente',NULL,'3311862801',2,NULL,NULL,NULL,NULL,NULL,NULL,20,20,20,20,20,20,20,0,NULL,0,5,'activo',2,NULL,NULL,NULL),(98,'Jose Héctor Saúl Ayala Rodríguez ','saulayala@coxford.edu.mx','$2y$10$cdJHxWGeuf33UE4RuqRM9OdHHN5jr5B9BIuX/3g8/ASi4nXf7n74a','pendiente',NULL,'3319050798',2,NULL,NULL,NULL,NULL,NULL,NULL,2,10,2,4,2,3,3,0,NULL,0,4,'activo',2,NULL,NULL,'el grupo es un grupo apático a la tecnología y necesita estimulación en la curiosidad y el preguntarse el porqué de las cosas para asi desarrollar el que cosas nuevas puedo añadir a mi proyecto '),(99,'Héctor Miguel Palos Jiménez ','hector.palos@jaliscoedu.mx','$2y$10$seNeAWFTjLtLXZEwwewWguujH2xW1ilc0yLEPcb3eY3ZGKigLdCxu','pendiente',NULL,'3334960382',2,NULL,NULL,NULL,NULL,NULL,NULL,20,20,20,20,20,20,20,0,NULL,0,5,'activo',2,NULL,NULL,NULL),(100,'Jacquet','amber.visser@webmai.co','$2y$10$M.WlMm21dbfGqjhkEmEs/O6YjImmIN1N.LANGH.MZ2HVff5Lh9BKy','pendiente',NULL,'7401068113',NULL,NULL,NULL,NULL,NULL,NULL,NULL,0,0,0,0,0,0,0,0,NULL,0,5,'activo',2,NULL,NULL,NULL),(101,'Juan Pablo Elizarraras Miramontes','elizarraras79@hotmail.com','$2y$10$lYd/oAJ81LanwUgewz653uvZXbubO0fjvfGyuFlHE/cAg3ZRDbWTa','pendiente',NULL,'3316039403',2,NULL,NULL,NULL,NULL,NULL,NULL,2,2,2,2,2,2,2,0,NULL,0,5,'activo',2,NULL,NULL,NULL),(102,'Blanca Estela Macías Ortega','Ortega_1319@hotmail.com','$2y$10$PLY1mxUbMsY8NgdYiOrDNu6GWpoL3b/q2TWmp0zCkoRj./QMlDodi','pendiente',NULL,'3312552091',2,NULL,NULL,NULL,NULL,NULL,NULL,2,2,2,2,2,2,2,0,NULL,0,5,'activo',2,NULL,NULL,NULL),(103,'Yurian Isaias Ramos Enriquez ','yurian.ramos@jaliscoedu.mx','$2y$10$cRxD9eYXBRT9Sc.vOBTRJeFwK5J7zNbiviLVQC9oWsjbCAgLS2ZAa','pendiente',NULL,'3411025197',2,NULL,NULL,NULL,NULL,NULL,NULL,2,2,2,2,2,2,2,0,NULL,0,5,'activo',2,NULL,NULL,NULL),(104,'Adán Ramírez Velázquez ','adan.ramirezv@jaliscoedu.mx','$2y$10$63I7rG5DjKMxCsrQZ4GFV.HuTym94ZoMJr5pG2GiBlpt5/ACNzO8a','pendiente',NULL,'3411009776',2,NULL,NULL,NULL,NULL,NULL,NULL,2,2,2,2,2,2,2,0,NULL,0,5,'activo',2,NULL,NULL,NULL),(105,'Maddison Estrada Villanueva','jeonmely97@gmail.com','$2y$10$CMVBKGX0ow6bAq82ZKUrkeNn9EY9phQI4dFR4OPFpNdnkuBp2CuO6','pendiente',NULL,'7841427778',2,NULL,NULL,NULL,NULL,NULL,NULL,2,2,2,2,2,2,2,0,NULL,0,5,'activo',2,NULL,NULL,NULL),(106,'Ana','anarojo248@gmail.com','$2y$10$ICjg293mTOaLngmiK3YAGOugY2BRUVQGcPa1GkWG2al4h933WdI9i','pendiente',NULL,'3334599066',2,NULL,NULL,NULL,NULL,'9379f84ff9e47259f544e114ac8ed142e4ef0e6bae7bbf45346d1febbf3d0a33','2025-11-28 21:12:44',2,2,2,2,2,2,2,0,NULL,0,5,'activo',2,NULL,NULL,NULL),(107,'Juan Carlos Ramos','juan.ramosd@jaliscoedu.mx','$2y$10$4NxVNDPD2dThiKgU0YaDWedhbuQJ.NJapFdU1DNP.1WTWW6FSUPQq','pendiente',NULL,'3315282165',2,NULL,NULL,NULL,NULL,NULL,NULL,2,2,2,2,2,2,2,0,NULL,0,5,'activo',2,NULL,NULL,NULL),(108,'PRUEBA','Moran@gmail.com','$2y$10$vS78Cf.U.SLid8Zi1Mq8zegbI1QB6ILc23zm0Q3NiL1HtStqkKzl.','pendiente',NULL,'1122334455',NULL,NULL,NULL,NULL,NULL,NULL,NULL,0,0,0,0,0,0,0,0,NULL,0,5,'activo',2,NULL,NULL,NULL),(109,'Mariana Guadalupe Hernández Rodríguez ','2025.mariana.hernandez@bycenj.edu.mx','$2y$10$/xfzKGZY.p32nolprUV79.apWJgtH/cGhL6ooXrvlnsJmCqwt8kO.','pendiente',NULL,'3325440784',NULL,NULL,NULL,NULL,NULL,NULL,NULL,0,0,0,0,0,0,0,0,NULL,0,5,'activo',2,NULL,NULL,NULL),(110,'Jaqueline Sanabria ','2025.rebeca.sanabria@bycenj.edu.mx','$2y$10$6R285IEZdombEJ/cb/82UuFdU.WyOFRHRhBcMTAHnUyEPcRO.hUXS','pendiente',NULL,'3310754512',NULL,NULL,NULL,NULL,NULL,NULL,NULL,0,0,0,0,0,0,0,0,NULL,0,5,'activo',2,NULL,NULL,NULL),(111,'Valentina Avila ','2025.valentina.avila@bycenj.edu.mx','$2y$10$FQl1Rsj5zD.2GbY5NAowM.lF8pIg7SfCWvZmHe18q/hMNOIhzzaUu','pendiente',NULL,'3313197943',NULL,NULL,NULL,NULL,NULL,NULL,NULL,0,0,0,0,0,0,0,0,NULL,0,5,'activo',2,NULL,NULL,NULL),(112,'Dana ','2025.dana.santillan@bycenj.edu.mx','$2y$10$sFJqfguMLktAFosgq0LuU.WKLVGmHGLvUcwsMBjLj7A19Lj9DEcaa','pendiente',NULL,'3314363487',NULL,NULL,NULL,NULL,NULL,NULL,NULL,0,0,0,0,0,0,0,0,NULL,0,5,'activo',2,NULL,NULL,NULL),(113,'aitana sofia gonzalez muñoz','aitanasofia304@gmail.com','$2y$10$0O1oy7bDccvT4U4B9e4FCuEfwTldDsNKZZs1EO5D7iySQarpu0bzu','pendiente',NULL,'3334891626',NULL,NULL,NULL,NULL,NULL,NULL,NULL,0,0,0,0,0,0,0,0,NULL,0,5,'activo',2,NULL,NULL,NULL),(114,'Aitana Sofia Gonzalez Muñoz','2025.aitana.gonzalez@bycenj.edu.mx','$2y$10$gVNqAfYjt4.8A99kv02Gr.XXP3wIOqXW0ez8weuYFbq.oVFtsdZve','pendiente',NULL,'3334891626',NULL,NULL,NULL,NULL,NULL,NULL,NULL,0,0,0,0,0,0,0,0,NULL,0,5,'activo',2,NULL,NULL,NULL),(115,'Andrés López ','2025.andres.lopez@bycenj.edu.mx','$2y$10$w4MX2TtZbQJfCWztz5Un9exADkfMMdyXkN0dGbXO0my0Uk2XzC.UG','pendiente',NULL,'3332281103',NULL,NULL,NULL,NULL,NULL,NULL,NULL,0,0,0,0,0,0,0,0,NULL,0,5,'activo',2,NULL,NULL,NULL),(116,'Karina Sánchez Tovar ','karinasatovar@gmail.com','$2y$10$7IqnbSMR1id1dxowEv7CjO2eDlBruSEAIVPso3tZa1QUcd3SZUtki','pendiente',NULL,'3314488475',NULL,NULL,NULL,NULL,NULL,NULL,NULL,0,0,0,0,0,0,0,0,NULL,0,5,'activo',2,NULL,NULL,NULL),(117,'Aristoteles','aristotelesprueba1@gmail.com','$2y$10$MJQM6yPvKKVimPk4SaXwuOrsVzSIcDs0NM8BMkqsCdvnk/M3hpky.','pendiente',NULL,'3320780669',2,NULL,NULL,NULL,NULL,NULL,NULL,50,50,50,50,0,48,50,0,NULL,0,50,'activo',2,NULL,NULL,NULL),(118,'* * * $3,222 deposit available! Confirm your transfer here: https://ictpromotion.net/?r83na8 * * * hs=bf94deb80a7de258852d9c887de748b3* ххх*','ydx~nwa9pwyxz@mailbox.in.ua','$2y$10$QeUx4W6nOMMQOGnXnH8nGuWlCjmG6G.NlzYJ8EJaHa1HJBnpIRMXy','pendiente',NULL,'458178186627',NULL,NULL,NULL,NULL,NULL,NULL,NULL,0,0,0,0,0,0,0,0,NULL,0,5,'activo',2,NULL,NULL,NULL),(119,'Elizabet A. F.','elizabet.alfonsof@aefcm.gob.mx','$2y$10$fMW5Nn0BfCD3HEBqmAjfr.mlv99LfcAiHc6E1NXV8vLSN4UpRQOgu','pendiente',NULL,'5581028135',NULL,NULL,NULL,NULL,NULL,NULL,NULL,0,0,0,0,0,0,0,0,NULL,0,5,'activo',2,NULL,NULL,NULL),(120,'Maillard','ivy_grant53@jephy-webmail.com','$2y$10$UpeUc85rvXwYxNumNL0qHePxq1YpUYnBOq1I46y8humfNrWoaaO7i','pendiente',NULL,'+447518738506',NULL,NULL,NULL,NULL,NULL,NULL,NULL,0,0,0,0,0,0,0,0,NULL,0,5,'activo',2,NULL,NULL,NULL),(121,'RICARDO MENDOZA VENITES','ricardo.mendoza@jaliscoedu.mx','$2y$10$f2okf1gIABixwenY.XQAle2ig.5RBlAtbM.AukPLQC6YiFIihn8NK','pendiente',NULL,'3310894459',2,NULL,NULL,NULL,NULL,NULL,NULL,4,5,5,5,0,5,0,0,NULL,0,5,'activo',2,NULL,NULL,NULL),(122,'LUIS MANUEL MEDINA MORENO','luis.medinam@jaliscoedu.mx','$2y$10$MwSI6kiI2XYfqrfLQty66eugM.Jgj0bCA25Rer/8jghKRilAyLjuW','pendiente',NULL,'3312298304',2,NULL,NULL,NULL,NULL,NULL,NULL,5,5,5,5,0,5,5,0,NULL,0,5,'activo',2,NULL,NULL,NULL),(123,'JUAN CARLOS REBOLLO GUERRERO','juan.rebollo@jaliscoedu.mx','$2y$10$1NGJQH.DqJx3ZsYqGFZdouKBOANLkWdc6M7xR4Z6rjnJsXt2uyACO','pendiente',NULL,'3316028176',2,NULL,NULL,NULL,NULL,NULL,NULL,5,5,5,5,0,5,5,0,NULL,0,5,'activo',2,NULL,NULL,NULL),(124,'César Alfonso Morales Aceves','cmoralesaceves@gmail.com','$2y$10$02ZlOefYik3n1t.99uK.M.YoQj9MQk.ZE4cuX1QI/Mg5D50ppBNNq','pendiente',NULL,'3313482072',NULL,NULL,NULL,NULL,NULL,NULL,NULL,0,0,0,0,0,0,0,0,NULL,0,5,'activo',2,NULL,NULL,NULL),(125,'LUIS FELIPE MUÑOZ BECERRA','luis.munoz33@jaliscoedu.mx','$2y$10$Np9Nu8oXavD7fczE3jaype0M4onuma2taXSJqjEaiiGQZrNzFXuWi','pendiente',NULL,'3751188993',2,NULL,NULL,NULL,NULL,NULL,NULL,5,4,5,5,0,4,5,0,NULL,0,2,'activo',2,NULL,NULL,NULL),(126,'Dario Rafael López Riascos','dario.lopez097@gmail.com','$2y$10$4EjuMI7CGvnmcWuuxqGI7esMXFfHPqD6oOXPXEhsVPqR7cRCZI7va','pendiente',NULL,'+573164868458',NULL,NULL,NULL,NULL,NULL,NULL,NULL,0,0,0,0,0,0,0,0,NULL,0,5,'activo',2,NULL,NULL,NULL),(127,'Rousseau','ally74@twinbash.co','$2y$10$UHcxJw6Df5vIL8wqukiOH.H7cTu9x1bgB5vdKmpsmR2gM6rYze1ru','pendiente',NULL,'7745838195',NULL,NULL,NULL,NULL,NULL,NULL,NULL,0,0,0,0,0,0,0,0,NULL,0,5,'activo',2,NULL,NULL,NULL),(128,'José Antonio Deniz Ochoa','titod8a50@gmail.com','$2y$10$n9INQdVv0eNDd6RAszkUsevkvAocNEaK1M3ha1RHpBtwqnz8govXe','pendiente',NULL,'3121523751',NULL,NULL,NULL,NULL,NULL,NULL,NULL,0,0,0,0,0,0,0,0,NULL,0,5,'activo',2,NULL,NULL,NULL),(129,'Johan Francisco Topete Renteria','johantopete365@gmail.com','$2y$10$gxeK.Dy.AqRrq1Q2iE7Ue.nkiVx5goNf/XFL1gUVDpK9brxCY/zrK','pendiente',NULL,'3339577178',2,NULL,NULL,NULL,NULL,NULL,NULL,3,2,4,4,0,4,4,0,NULL,0,4,'activo',2,NULL,NULL,NULL),(130,'Alejandra Morena Alonso','alejandra.moreno@jaliscoedu.mx','$2y$10$KZAQywla53w6a7oZlsBoTOJ0L7yvppF2RO3sSYZj1vFtIv88z.dfK','pendiente',NULL,'3315396718',NULL,NULL,NULL,NULL,NULL,NULL,NULL,0,0,0,0,0,0,0,0,NULL,0,5,'activo',2,NULL,NULL,NULL),(131,'1111111111111111111111111111111111111111','111111111111111@2.com','$2y$10$4Z8Kxe5QdMHWJJKikSucceTXAr/wlwk7YW5M08sITu1hIjIwJRXp2','pendiente',NULL,'1111111111',NULL,NULL,NULL,NULL,NULL,NULL,NULL,0,0,0,0,0,0,0,0,NULL,0,5,'activo',2,NULL,NULL,NULL),(132,'Minerva Portillo Labrada','portim72@hotmail.com','$2y$10$HOHKUOCq6KpTbLOHVUeD4OZvhx6Dx5a7wkl3uIAFJ.eF2UGlBftPS','pendiente',NULL,'3314108077',NULL,NULL,NULL,NULL,NULL,NULL,NULL,0,0,0,0,0,0,0,0,NULL,0,5,'activo',2,NULL,NULL,NULL),(133,'Arturo Morán ','arturodalimoran@gmail.com','$2y$10$Ldkx4NiVvjkSIshkcxXubelPmLAymiUMKImLQLa.J3bHIItg8klU2','pendiente',NULL,'3322564069',2,NULL,NULL,NULL,NULL,'f8f60078924ee33269eaa0b8ab03b72dfea671b0412924ded240a5d7064def0f','2026-03-15 03:55:44',3,9,3,4,0,3,2,0,NULL,0,4,'activo',2,NULL,NULL,NULL),(134,'Viridiana Murillo','viridianamurillo1010@gmail.com','$2y$10$jdD32olSQdiKEEKnN04gFuNvI2Le4eToMh1io.jkI7z9jvyKCH49W','pendiente',NULL,'3315733045',NULL,NULL,NULL,NULL,NULL,NULL,NULL,0,0,0,0,0,0,0,0,NULL,0,5,'activo',2,NULL,NULL,NULL),(135,'Anonimo Prueba','anonimo@gmail.com','$2y$10$sMD99EmzsZefARV3VUYd8uuRd7Y8B1KKprmS.UtN9Q41Ji.BlcoSq','pendiente',NULL,'2233445544',2,NULL,NULL,NULL,NULL,NULL,NULL,0,0,0,0,0,0,0,0,'2026-05-17',0,0,'activo',2,NULL,NULL,NULL),(136,'Alejandro Rodríguez González','alejandro.rodriguez@jaliscoedu.mx','$2y$10$B7ZPjpIfjMRpIWKugsIdGOcfamFJtPLhmk0Lc4pJB7vDwOfrZj0Ae','pendiente',NULL,'3313287413',2,NULL,NULL,NULL,NULL,NULL,NULL,5,7,5,12,0,7,7,0,'2026-03-21',0,10,'activo',2,NULL,NULL,NULL),(137,'María Soledad Vazquez Ruiz ','solvaz941103@gmail.com','$2y$10$GMLgn2XmQXfkhKPN/IMRou65RdwKE.qyrLCUrEOGvdMJYT6xvchey','pendiente',NULL,'3325894821',NULL,NULL,NULL,NULL,NULL,NULL,NULL,0,0,0,0,0,0,0,0,NULL,0,5,'activo',2,NULL,NULL,NULL),(138,'Minerva Portillo Labrada ','portim72@gmail.com','$2y$10$napzNjaWrb6wZzSnQN5KAuadis0LZnKAQ2p6DmA9ENOJuprHbYSEa','pendiente',NULL,'3314108077',NULL,NULL,NULL,NULL,NULL,NULL,NULL,0,0,0,0,0,0,0,0,NULL,0,5,'activo',2,NULL,NULL,NULL),(139,'Arturo Francisco Ramirez','MaestroFrancisco@jaliscoedu.mx','$2y$10$s4ki5TqDRzxPWJjOeGgIUuV4kwyBW9OJ6z1fUReHx0sg1i/xi3QrG','pendiente',NULL,'3344554455',NULL,NULL,NULL,NULL,NULL,NULL,NULL,0,0,0,0,0,0,0,0,NULL,0,5,'activo',2,NULL,NULL,NULL),(140,'Xochitl Cristina Gómez Méndez ','xochitl.gomezm@jaliscoedu.mx','$2y$10$fC8szXNOxNOtNpbWGM8lCOblkEyiFIYfPd2NvYoNfx3mxLQjmkPwW','pendiente',NULL,'3333934425',NULL,NULL,NULL,NULL,NULL,NULL,NULL,0,0,0,0,0,0,0,0,NULL,0,5,'activo',2,NULL,NULL,NULL),(141,'Omar Arturo Fernández Sanchez','feso82@hotmail.com','$2y$10$RBGgpqoE7w3dqxfF/AwwJumWQ86/9.UZN7lxRhugW8co7GFrQtLLy','pendiente',NULL,'3312556212',2,NULL,NULL,NULL,NULL,NULL,NULL,5,5,5,5,0,5,5,0,NULL,0,5,'activo',2,NULL,NULL,NULL),(142,'Hugo Fernando Fernández Sanchez','elrojof4@gmail.com','$2y$10$c4H6.9f5rU0ObGfBL2X5zeaWsuW9Tn1w4h7fGKxA431293mzloFGS','pendiente',NULL,'3314433732',NULL,NULL,NULL,NULL,NULL,NULL,NULL,0,0,0,0,0,0,0,0,NULL,0,5,'activo',2,NULL,NULL,NULL),(143,'Berenice González ','bere_fervi@live.com','$2y$10$ghqDt4XpUqX1iu2Pdweouur/uYE.1oWpmaNUEDy70n79TrwRIuOJy','pendiente',NULL,'3312702691',2,NULL,NULL,NULL,NULL,NULL,NULL,6,7,3,7,0,7,7,0,'2026-04-01',0,5,'activo',2,NULL,NULL,NULL),(144,'OSCAR IGNACIO LEÓN RAMÍREZ ','cetl.profenacho@gmail.com','$2y$10$9TT0rfSBrSsPwi4nZKnID.25uNGoPDwoLfEF6zqA7K65//nd3LS3m','pendiente',NULL,'3251122749',NULL,NULL,NULL,NULL,NULL,NULL,NULL,0,0,0,0,0,0,0,0,NULL,0,5,'activo',2,NULL,NULL,NULL),(145,'Sofía Martín','sofia.mar@jaliscoedu.mx','$2y$10$m25Z.ccEnln2S/Y2HuIuveDZ1lATmre2wyEEs3pQjKDM7QN.QY9Eu','pendiente',NULL,'3322584752',NULL,NULL,NULL,NULL,NULL,NULL,NULL,0,0,0,0,0,0,0,0,NULL,0,5,'activo',2,NULL,NULL,NULL),(146,'José Orestes Arciniega temores ','orestes.0000@hotmail.con','$2y$10$vgdeb8qTU6U5fyXNJwht2OypeOdgcOnwJ7xW00r7Sm1Us2nDLNEZq','pendiente',NULL,'3332546753',NULL,NULL,NULL,NULL,NULL,NULL,NULL,0,0,0,0,0,0,0,0,NULL,0,5,'activo',2,NULL,NULL,NULL),(147,'Simón Vázquez Montes de Oca','vazquezmontesdeocasimon@gmail.com','$2y$10$PQBY9AdMtkAWVNqsWTBlReVBaehy7aulUbsxbS5IlT83o513dGDBW','pendiente',NULL,'3336676374',NULL,NULL,NULL,NULL,NULL,NULL,NULL,0,0,0,0,0,0,0,0,NULL,0,5,'activo',2,NULL,NULL,NULL),(148,'Monserrat Villalobos Gómez','cinthia.monserrat@hotmail.com','$2y$10$12hKyH1n8HYTkepEb9HC.OqYNMKxSMMW1PrkcaZJfKJT3Kpt6al9C','pendiente',NULL,'3332546753',2,NULL,NULL,NULL,NULL,NULL,NULL,4,5,5,5,0,5,5,0,NULL,0,5,'activo',2,NULL,NULL,NULL),(149,'Melina Chávez Alcantar ','cmelina802@gmail.com','$2y$10$YRUwGFA6htl.HjpnvvJlVeCw4q427.VJG8XVoQF2rhQHA6s.J5uQC','pendiente',NULL,'3322546645',NULL,NULL,NULL,NULL,NULL,NULL,NULL,0,0,0,0,0,0,0,0,NULL,0,5,'activo',2,NULL,NULL,NULL),(150,'jorge antonio arias villasana','jorge.arias_s@cetlajomulco.com','$2y$10$SwQXnHB9YvuAtaZ8kwfSuObYOvZY/NQdWTepNS31ErM5dADBWlrfi','pendiente',NULL,'3241009313',2,NULL,NULL,NULL,NULL,NULL,NULL,2,5,5,5,0,5,5,0,NULL,0,5,'activo',2,NULL,NULL,NULL),(151,'Reyna Cristina Ramírez Hernández','cramirezh09@gmail.com','$2y$10$zbAIeTbuP8wuG29Vc9bAQ.ol8xMKomVpopMdvlptQOib5I3SIj3NK','pendiente',NULL,'4747385064',NULL,NULL,NULL,NULL,NULL,NULL,NULL,0,0,0,0,0,0,0,0,NULL,0,5,'activo',2,NULL,NULL,NULL),(152,'Francisco Ismael Ventura Rios','veri.fi91@gmail.com','$2y$10$f4MHILoy3DlAXcm7AtUefuPxtpof/y4t9TDA3oDCB3TVcjo5Is/2i','pendiente',NULL,'3171003861',NULL,NULL,NULL,NULL,NULL,NULL,NULL,0,0,0,0,0,0,0,0,NULL,0,5,'activo',2,NULL,NULL,NULL),(153,'Alejandra Paola Ruiz leal ','a3322794227p@gmail.com','$2y$10$Xkr4gwepq//I6jx1cZtivOPg2K/qciRcoIYBbY4xOuyp4AWhQwu4e','pendiente',NULL,'3322794227',NULL,NULL,NULL,NULL,NULL,NULL,NULL,0,0,0,0,0,0,0,0,NULL,0,5,'activo',2,NULL,NULL,NULL),(154,'Correo de prueba','kifodut30@curuth.com','$2y$10$kopXjtnuyNOWDRHJZ3eWrulN8/WNFD8Bj1yMQNHy7zTr6zcQwclOW','pendiente',NULL,'3322564069',NULL,NULL,NULL,NULL,NULL,NULL,NULL,0,0,0,0,0,0,0,0,NULL,0,5,'activo',2,NULL,NULL,NULL),(155,'Prueba','femonaz4663@hostme.my.id','$2y$10$d.2SG244ZVAvxVB1obKNAezQ2DuCm0hnyv02bRUwiXjUmq9e2PFha','pendiente',NULL,'3322564069',NULL,NULL,NULL,NULL,NULL,NULL,NULL,0,0,0,0,0,0,0,0,NULL,0,5,'activo',2,NULL,NULL,NULL),(156,'Arturo','lihahud22@hostme.my.id','$2y$10$XsH96mezjFjrD5aeOKris.BlEh4jLXhA2kCiYh6s5TMgXj3aaat62','activo',NULL,'3322564069',NULL,NULL,NULL,NULL,NULL,NULL,NULL,0,0,0,0,0,0,0,0,NULL,0,5,'activo',2,NULL,NULL,NULL),(157,'Agrarista Márquez Ruelas','agrarista.marquez@jaliscoedu.com','$2y$10$rqPylgv0bhTLO3fj5FNPO.m7w8EddGJ1rYQepXESMGDY0ne424T3u','pendiente','25c446315a10b814352e56886e49441e','3312865457',NULL,NULL,NULL,NULL,NULL,NULL,NULL,0,0,0,0,0,0,0,0,NULL,0,5,'activo',2,NULL,NULL,NULL),(158,'Usuario de Prueba','bonagug32@gosiper.com','$2y$10$1guNwnVPe6XqqfzwS.jqxu1ph9HYOaQmdYfS4knYkEIJlHYrIHyOK','activo',NULL,'3322564069',NULL,NULL,NULL,NULL,NULL,NULL,NULL,0,0,0,0,0,0,0,0,NULL,0,5,'activo',2,NULL,NULL,NULL),(159,'Usuario de prueba','wugonav42@azemo.tech','$2y$10$K4lc4JcZu8rWxKEoURNMBeW/R5Eux1R2pP0ZdpOlMlMijivT3o57C','activo',NULL,'3322564069',NULL,NULL,NULL,NULL,NULL,'b87c5383adaa8d21ae71434ee29775fbe8810a7425d6b328909c804a4baef8ec','2026-05-16 06:21:20',0,0,0,0,0,0,0,0,NULL,0,5,'activo',2,NULL,NULL,NULL),(163,'Usuario de Prueba 6','supabif25@hostme.my.id','$2y$10$6Spjd1j6eq6bO/XsjlG6q.RBTRJ1vN4q4UsXjZSYLdR4Ta5p4e0zG','0','f71cfd03c40834db11b58a013c002cfb483c27b66f571f9ef48043294a5d1e09','3322564069',NULL,NULL,NULL,NULL,NULL,NULL,NULL,0,0,0,0,0,0,0,0,NULL,0,5,'activo',2,NULL,NULL,NULL),(164,'Usuario de prueba 8','zusetib37@gosiper.com','$2y$10$vwL7yUsOCML24qBcqrHmJOYCS3c7pCo5poJbWioAZP.lzNv7fnESG','0','05a2b4afa308bf164e61cb96206ca634d62a6d7e7f9ae56decaafabdfd9d02bc','3322564069',NULL,NULL,NULL,NULL,NULL,'9606d273f6389ff7db02a8d3a0ae0576fbb6726ec3c7b359ce3bc939c5b323ee','2026-05-16 08:28:28',0,0,0,0,0,0,0,0,NULL,0,5,'activo',2,NULL,NULL,NULL),(165,'Jose Salvador Soc Torres','jose.soc@jaliscoedu.mx','$2y$10$AA7gIW6WdFfqwIeAUd5afeH2Xcn18.VnEiS8/t5VA3NvOXEn6frOS','0','e11b66796e948f885fba221c86a9885f9ea93ab59003023461646ca3762ce41a','3316047424',2,NULL,NULL,NULL,NULL,NULL,NULL,2,2,2,2,0,2,2,0,NULL,0,2,'activo',2,NULL,'Mast0012026',NULL),(166,'Daniel Espitia Avila','deapiscis@gmail.com','$2y$10$ZVpabSxMQ9yBb3tCGoYxU.4.J8ShhcJ3QX7g18lJtbQ4jH61fMTs.','0','c68a285ed81457920f54955cf0b84ce2755998f3ade14a9f2b8e13dc42abfbc9','4171176415',2,NULL,NULL,NULL,NULL,NULL,NULL,5,6,6,5,0,6,6,0,NULL,0,5,'activo',2,NULL,NULL,NULL),(167,'Karina Huerta Dávalos','kari199607@gmail.com','$2y$10$9zY2OMUWpjCHSk8wUig6BOUAiyHU6wSVk6fQkegMnBpRIAhGmeI56','0','89aca3d34c165ee644ae11e55d8dec059b6792fb29f310a4b589b3c530af06bd','3334997527',2,NULL,NULL,NULL,NULL,NULL,NULL,4,4,4,4,0,4,4,0,NULL,0,4,'activo',2,NULL,NULL,NULL),(168,'Marisela Alonso José','alonsocielo@hotmail.com','$2y$10$KNdU5K8A1GVVUrn7YveofeX.hXsAIxX7zgoYQARHfxtpISLsvTP8y','0','64920b2bb5aef0f5c2d7d90b712a0a0fe89646f8cdd5b84dba9871e58fa22313','2281059569',2,NULL,NULL,NULL,NULL,NULL,NULL,2,10,2,4,0,3,3,0,NULL,0,4,'activo',2,NULL,NULL,NULL),(169,'Gregorio Fernández Delgado','gregorio.fernandez@jaliscoedu.mx','$2y$10$PaC5rfCDBuHZOCcF8mq6IOVTpaAWVkTD6mWGB4Hgmnou1W4cRHeOa','0','c2f1c8770567fc4eefad60ee61b09d56d1e646ca3bd5f240aa02230acd70b843','4772355046',2,NULL,NULL,NULL,NULL,NULL,NULL,5,4,5,5,0,5,5,0,NULL,0,5,'activo',2,NULL,NULL,NULL),(170,'HILDA DAMARIS BARBOZA CEBALLOS','hilda.barboza@jaliscoedu.mx','$2y$10$dN5mX2s7CB0wZoXw1KnFTeQ/Bjveozqn7Lc5gv4onygJnHHJzh25a','0','d937190d6fc5307bb937f9d2f06ab28894201b0c7b1644423c85672035b443ff','3315176310',2,NULL,NULL,NULL,NULL,NULL,NULL,2,10,2,4,0,3,3,0,NULL,0,4,'activo',2,NULL,NULL,NULL),(171,'SELENE VELAZQUEZ MERCADO','mms_velmer09@yahoo.com.mx','$2y$10$tyKzhob5wc7OkXtelN/eI.bptvdkLWRfd5hKdKv.aRgJNbA/3tCN2','0','41e90438a7514cf59f9ee8fb8c076807aa69efecef263792567bf142f62d5a20','3310975186',2,NULL,NULL,NULL,NULL,NULL,NULL,4,10,2,3,0,3,4,0,NULL,0,4,'activo',2,NULL,NULL,NULL),(172,'Dafne Esmeralda Lucio Rodriguez','dafnee1991@gmail.com','$2y$10$HjrL/N9BbaCZwt2zXfNZn.SlZiN0G6G0BXCOw93w4saYFSu1L7acq','0','5549f0ea3d6dc3346ca3a2d5b9ad1ae1152ba4176dfd3abf598d532549642f57','3751207593',2,NULL,NULL,NULL,NULL,NULL,NULL,4,10,2,4,0,3,4,0,NULL,0,4,'activo',2,NULL,NULL,NULL),(173,'Daniel Rodriguez Alvarado','daniel.rodriguez@jaliscoedu.mx','$2y$10$7MYbMFh/wszH0.tR2ljAd.6gICxHPVmhu8RnmQoDqDmr.SPmQtAPe','0','bf315bcd4687b13292c0159399c871ec04d5e17a464459f15fcb382abe7c1f71','3751126464',2,NULL,NULL,NULL,NULL,NULL,NULL,2,10,2,4,0,3,3,0,NULL,0,4,'activo',2,NULL,NULL,NULL),(174,'ANGEL MARTINEZ SANCHEZ','angel.martinezs@jaliscoedu.mx','$2y$10$120.9VxA1hyCFmlZdchZ.u9c6zXtfwKD3E.0w8BzxF8pCppZAYN32','0','ba9b8cfc7a20c6cbef3fd87fa21c911d789bcb2d59f63471e3dd236e0199d961','333541864',2,NULL,NULL,NULL,NULL,NULL,NULL,2,10,2,4,0,3,3,0,NULL,0,4,'activo',2,NULL,NULL,NULL),(175,'Fernando Lara Brambila','fernando.lara@jaliscoedu.mx','$2y$10$HYw4uqp/d2k5NmUzeoE5JuIAmhZ36/O3Dh8kohA7BJYUF7oRJItaK','0','ec6805658f0b8c9f73a0b0b48b7668e15b6686097dd60289cb29140b6392d330','3751166441',2,NULL,NULL,NULL,NULL,NULL,NULL,2,10,2,4,0,3,3,0,NULL,0,4,'activo',2,NULL,NULL,NULL),(176,'Jocelyn Guadalupe Medina Hernandez','jocelyn.medina84@jaliscoedu.mx','$2y$10$FSaBDVImyZSi5h8Kp8tZ4ejboS5fjg6RotTc.DmfYA2J9tgwbKB7q','0','57d1c7f4599db51e4472f02e41c1934dd20a894eebca020a16e9c80d9e4976c6','3314267100',2,NULL,NULL,NULL,NULL,NULL,NULL,1,2,1,1,0,1,1,0,NULL,0,1,'activo',2,NULL,NULL,NULL),(177,'Angel Eraclio Briano García','angel.briano21@gmail.com','$2y$10$FLJJxkQRSXtPw4JdGjWab.3GTRKC2.d/c4PyTcyUK/wzMmFbQvOc.','0','1cd7b94c229ed7bd16eb2d79bfcf9085d0b7951df81390fa9f0915db4b6c576d','3334055201',2,NULL,NULL,NULL,NULL,NULL,NULL,2,10,2,4,0,3,3,0,NULL,0,4,'activo',2,NULL,NULL,NULL),(178,'LUZ YANETH CHAVEZ MARTINEZ','luz.chavezm@jaliscoedu.mx','$2y$10$wPJOLAf5lQfds90GtqVINOMVx9xCFmOA9QVf.h2pRVJHY3lXRAtLK','0','8211826476b041e7a664cf43cccb199ea7d546ec8cbb5b06dfd6e2d115351af3','3317650384',2,NULL,NULL,NULL,NULL,NULL,NULL,2,10,2,4,0,3,3,0,NULL,0,4,'activo',2,NULL,NULL,NULL),(179,'Yessica Itzel Gonzalez Parada','yessicagonzalez2302@gmail.com','$2y$10$Yn2ce9eEIAdVhiO.Lryji.vGt3FGL7a61GP0MvTZ5JlK2pGZJGUDO','0','525dad57e4398c524fe9634779d8f3cc9e80f81d37dbde8431e8f2fbf2a41d33','3329711349',2,NULL,NULL,NULL,NULL,NULL,NULL,2,10,2,4,0,3,3,0,NULL,0,4,'activo',2,NULL,NULL,NULL),(180,'SAGRARIO DE JESUS CARDENAS GUAZMAN','saguicg31@gmail.com','$2y$10$T8E5Ndt8ph1zLNFUdwuiB.tn31iYfpyPhqTmVh4EahE3ud6vgyk.W','0','da8966a37aa4ec48482c9e33b366471011b6930b672e92680b3fc046bee5a96a','3411212740',2,NULL,NULL,NULL,NULL,NULL,NULL,2,10,2,4,0,3,3,0,NULL,0,4,'activo',2,NULL,NULL,'41 alumnos  y un alumno con Hiperactividad  y 10 sin leer '),(181,'PAOLA VALDEZ GUTIERREZ','paola.valdez251@jaliscoedu.mx','$2y$10$0B45Z0hlH/lgTLmUhjHhDu8AUY4O4RsPPJ5Sf4bwfFMGlakJV8czO','0','c68b62cf9625808b68b07e106d0993eadc3bf80441268d62363b24f93e9de3ae','3337744285',2,NULL,NULL,NULL,NULL,NULL,NULL,2,10,2,4,0,3,3,0,NULL,0,4,'activo',2,NULL,NULL,NULL),(182,'Juan Pablo Jimenez','jhuanpajim@gmail.com','$2y$10$IRQ5sWuFPBwnQIfuBEiSw.3sBl806nlmMYqJl2G4NcKYvFbrini22','0','1c9eab3d0171f4d80531fa2f3af66479c53a34ae0d1792a9ad1948dac09e0f31','3322408032',2,NULL,NULL,NULL,NULL,NULL,NULL,2,10,2,4,0,3,3,0,NULL,0,4,'activo',2,NULL,'Mast0012026',NULL),(183,'Rocio del Carmen Gutierrez Cedillo','rocio.gutierrez@jaliscoedu.mx','$2y$10$FrlUCjrLOQtzFPy.ruaHhuxS5I8Ysa228RkAuPEq7st83crvoPjwe','0','3372c04cc3776ac562f8f7f0da0fa23728fb7049d702a249983b76995025dd07','3471094591',2,NULL,NULL,NULL,NULL,NULL,NULL,2,10,2,4,0,3,3,0,NULL,0,4,'activo',2,NULL,NULL,NULL),(184,'ALMA GABRIELA GOMEZ SUSTAYTA','gg5950177@gmail.com','$2y$10$qfQzUtfzG0KBNXX6/kN/eulQAwRqljXlbobO5hMqW9Vbr8Mn7jRQe','0','e5b0df6c133493ea0053cbf42955159583d73053f6fe3a4fc4bfdfae014f2049','3313962168',2,NULL,NULL,NULL,NULL,NULL,NULL,2,10,2,4,0,3,3,0,NULL,0,4,'activo',1,'2026-06-04',NULL,NULL),(185,'Mariana Sofía Zambrano López','sofizambrano443@gmail.com','$2y$10$kfqmq92Ryvp2Cetf63siPuRRYWgKb.H8K2./iGVhRVOg5HW61R2qy','0','4a01b29b28463ab5cac386f8d4ee078087b83d5d6750fdf2bbb363e09af605e4','4781246311',2,NULL,NULL,NULL,NULL,NULL,NULL,2,10,2,4,0,3,3,0,NULL,0,4,'activo',2,NULL,NULL,'en el grupo tengo 34 alumnos de los cuales a 3 aun se les dificulta la lectura fluida, las actividades que realiza el resto por lo general las terminan muy pronto y les gustan mucho las actividades de recortes y coloreas, si pudieras sugerirme imagenes para trabajar en ellas referentes al tema estaria perfecto.'),(186,'KARINA ELIZABETH RUIZ RODRIGUEZ','karinaelizabethruizrodriguez@gmail.com','$2y$10$t5VMCh6B2F6nCSf7xzBpIOMJ7P2mAOO4W.M2k2ThwZLzXqeE6WSBy','0','5a915581892f939a4265fd793243d802f759c155878b9b1d0e9a938dce1172e0','4492851091',2,NULL,NULL,NULL,NULL,NULL,NULL,2,10,2,4,0,3,3,0,NULL,0,4,'activo',2,NULL,NULL,NULL),(187,'KARLA SUSANA CALVILLO CONTRERAS','karlascalvillocmk@gmail.com','$2y$10$JVA7OHRIbbw7F6TNiqNr3OlusI2DPUqDTm6FDIKNqEMpz5MrXpChq','0','2a3bfdac3cd1cb8afeadfff00b15ed02a82e0263ab7857abdf89164fc5992704','4281088571',2,NULL,NULL,NULL,NULL,NULL,NULL,2,10,2,4,0,3,3,0,NULL,0,4,'activo',2,NULL,NULL,NULL),(188,'María de los Ángeles Campos Cardona','gelycamcar@gmail.com','$2y$10$S90qbnR7abOCi.894LZ/qeutd7hgNKU9CV7aJ4V2VLNnO4Qd9KNXy','0','49a8c3ffb9d327d8e896d8e0238e6ff0e2d924740abf08a1c5e3ec95bbcef1a4','4741202073',2,NULL,NULL,NULL,NULL,NULL,NULL,2,10,2,4,0,3,3,0,NULL,0,4,'activo',2,NULL,NULL,NULL),(189,'Karen Hernández','kh2598184@gmail.com','$2y$10$hXdnw2zfzTi93aSXjXCM..KraZ1IMhcTQ5QoVqT78g5KQwk0tQUF2','0','59817f0e531cc4045694b4978938f2a8008fb29267e208ddc51a451df7c88b75','3322975173',2,NULL,NULL,NULL,NULL,NULL,NULL,2,10,2,4,0,3,3,0,NULL,0,4,'activo',2,NULL,NULL,NULL),(190,'Citlali Vanessa Álvarez Vargas','vv1321604@gmail.com','$2y$10$JO8hzHdKS6b10xzQOnUXvu6n9gw/OlpGOakecrIi368d6W2g0FjiG','0','5887e0ab2e27e152d5b1c12e2d98deeb228e72ea69a0f76ae66a2e9b57db87b9','3343662054',2,NULL,NULL,NULL,NULL,NULL,NULL,2,10,2,4,0,3,2,0,NULL,0,4,'activo',2,NULL,NULL,NULL),(191,'Frida  Arechiga','inesarechiga0810@gmail.com','$2y$10$.cp2Y.J0E0v1PwV7T8SENOAzDMnaRibX2tu/AX9.aPZZl/RizA6ju','0','f16e7ccb4c9de0f303ac0e5ec8a4c8f1a503d96e0d0ce141b047c76e07a06643','3315180879',0,NULL,NULL,NULL,NULL,NULL,NULL,2,10,2,4,0,3,3,0,NULL,0,4,'activo',2,NULL,NULL,NULL),(192,'Veronica Yadira Murguia Jarero','veronica.murguia@jaliscoedu.mx','$2y$10$GnClE5CmfI3PWd/DqdDGu.EFiqNlSwt8r9I2IlPLYQcb44duAryrG','0','b80ab543f722761a43a21bc9525bbe04995f459c1b5e45558feac2fd59c2d48a','3312251796',2,NULL,NULL,NULL,NULL,NULL,NULL,2,10,2,4,0,3,3,0,NULL,0,4,'activo',2,NULL,NULL,NULL),(193,'Diana Fabiola Curiel López','curlop22@gmail.com','$2y$10$6Tg0h4Nh5SEr7I2TNv8xW.BZ6VjPoWB9KOyBssTU5H2bEbnQIaEM.','0','d8cded7e58b27760b2dfe8b29491882c0cf03779405b58da88cbd99ef13791a6','3121110543',2,NULL,NULL,NULL,NULL,NULL,NULL,2,10,2,4,0,3,3,0,NULL,0,4,'activo',2,NULL,NULL,NULL),(194,'Hilda Margarita de la Rosa Cardenas','hilda.delarosa@cetlajomulco.com.mx','$2y$10$U3555IBOBSfpPNJScQIiQOfRpjAjavvDHP2LxLiF4R.k8a8SCAZFy','0','43eabbafc506df9c5b0f97683c1568d64a7d9b92b58c31d9b1846b801207c23e','3318289466',NULL,NULL,NULL,NULL,NULL,NULL,NULL,0,0,0,0,0,0,0,0,NULL,0,5,'activo',2,NULL,NULL,NULL),(195,'Hilda Margarita de la Rosa Cardenas','hilda.delarosa206@jaliscoedu.mx','$2y$10$k6BVEu/H1/PapPCvzaJXi.g45ThwBnXa0bqSjN10l80wJ6mL36QAG','0','b246644d9d7676bcec9a36d8e71c62e5512742a99bdc3e11e8b92488c94f33c7','3318289466',2,NULL,NULL,NULL,NULL,NULL,NULL,2,10,2,4,0,3,3,0,NULL,0,4,'activo',2,NULL,NULL,NULL),(196,'Esgar Yordan Pelayo Vera','esgar.pv@gmail.com','$2y$10$8xocWhfarSa9ZRh.v5Wyyu4NjsKvwhKn71SKYBnlVgPELHg6M6DkK','0','d90ed006f2066a6f11398f7828c8e54ad2096824cdd8b80d19c921adb4cdbae5','3119109377',2,NULL,NULL,NULL,NULL,NULL,NULL,2,10,2,4,0,3,3,0,NULL,0,4,'activo',2,NULL,NULL,NULL),(197,'VIOLETA QUEZADA MEJIA','violetaquezada32@dgetaycm.sems.gob.mx','$2y$10$9Kwaz54Wcbp7StNCuydHXO8yoEYAlS42KrTp0IzEtk6iN0TUCis2y','0','7f545cdacd143be5cc2cc8bf692082b3e8c69b65330e214d60bc6f28381027e6','3441011691',2,NULL,NULL,NULL,NULL,NULL,NULL,2,10,2,4,0,3,3,0,NULL,0,4,'activo',2,NULL,NULL,NULL),(198,'Noemi Lepe Gil','noemi.lepe405@jaliscoedu.mx','$2y$10$hHc2GnNkayw3lX5ojLWJoONYN5R3ZiQiCBjA9EMBI8PloDxD9k2Ci','0','4c1bbfd22c833dce8609de468f00266d87edc045081f894fa3a7270569ca5db9','3751213179',2,NULL,NULL,NULL,NULL,NULL,NULL,2,10,2,4,0,3,3,0,NULL,0,4,'activo',2,NULL,NULL,NULL),(199,'Noemi Lepe Gil','noem.lepeg19@gmail.com','$2y$10$vHaT.kUjXP9eChSHIcw/3e9sBfQMHkHlPYU4HrMZSSEt1Ll1CzECC','0','5dd650b378949141f64cc762a90ad5cab7fccf5a073188c40a4ae709592d2841','3751213179',0,NULL,NULL,NULL,NULL,NULL,NULL,2,10,2,4,0,3,3,0,NULL,0,0,'activo',2,NULL,NULL,NULL),(200,'María Concepción Carrillo Becerra','maria.carrillo08becerra@gmail.com','$2y$10$dIUuSQHNM9lbt2RT8Zo4f.lId8tTQ7yIpueWa.p2yQ7n0yCjU4fT6','0','d19ace81f1635a6d78cba1abe11668d09b2535ad7119f31d20136ee63e37843d','3757515712',2,NULL,NULL,NULL,NULL,NULL,NULL,2,10,2,4,0,3,3,0,NULL,0,4,'activo',2,NULL,NULL,NULL),(201,'Danna Lesly Tovar Martinez','dannaburriciontovar@gmail.com','$2y$10$YYnEHXIFnSC86GCQTwr5JuRXCD91fw2pafUJMNRdzwxeL/TXj2mTm','0','22f202c0515f4d6b5a52747267e2d4b1c3d0dc9cce5a0e1978e1e8e9e1566647','4494289621',2,NULL,NULL,NULL,NULL,NULL,NULL,2,10,2,4,0,3,3,0,NULL,0,4,'activo',2,NULL,NULL,NULL),(202,'Diana torres','dianapanduro20@gmail.com','$2y$10$XFmntB2.uNaM/0nNFvw9EOEqlHhFbU0ZuhYPFHX90jEqlh..dfpi.','0','20718ad04385cfc9744c2ba450e109fd0274e9d32dbc6f7398192de57e26d27b','3317440328',2,NULL,NULL,NULL,NULL,NULL,NULL,2,2,2,2,0,2,1,0,NULL,0,2,'activo',2,NULL,NULL,NULL),(203,'CLAUDIA ANAHI GARCIA RODRIGUEZ','c.anahigarcia90@gmail.com','$2y$10$NFgrXz2m2.2JqmlI7FzpHeVeoDFe/EDm6VXAdXCRFsu6I8IPyMJsW','0','666786c25ae9c9d882ede2ee2d4bb1ea1e67f0a60d55281e92f4a5477164168a','3317206369',2,NULL,NULL,NULL,NULL,NULL,NULL,2,10,2,4,0,3,3,0,NULL,0,4,'activo',2,NULL,NULL,NULL),(204,'Silvia Peña Renteria','penarenteria55@gmail.com','$2y$10$eOWtW2Bg6tE/EEOGMlOKA.3T7vRRzv5veq5lKKEmC5bpPSeuvd/1m','0','96f8bb92b221ccec42d84b2c4a390ed1974aaed8ecbdd7e29b7632aea1c3bdf8','3328300750',2,NULL,NULL,NULL,NULL,NULL,NULL,1,10,2,4,0,3,2,0,NULL,0,4,'activo',2,NULL,NULL,NULL),(205,'Guadalupe Angelica Espiritu Ramirez','gaer2373@gmail.com','$2y$10$5MiNYip/aux4Wb6Fn.nw2e7X5ZXozkcut766ZdFauGI/skLugk2Oq','0','2d17aff2cd160956f407b561e196090cd4b6b7e477afd27688643ccbd1b94b0d','3338313540',2,NULL,NULL,NULL,NULL,NULL,NULL,2,2,2,2,0,2,2,0,NULL,0,2,'activo',2,NULL,NULL,NULL),(206,'Isabel Viviana Gutiérrez Ornelas','princess.o.bloom@gmail.com','$2y$10$y7wV7q7vaMK4ewI7GeTPpuB3hzWYzQ187SvBfvnObR2XBEVE0wCyC','0','5034ab2c6abfa4962d2161614d5cf68942307d18b56224375bc6ee892b34872a','4759581510',2,NULL,NULL,NULL,NULL,NULL,NULL,2,10,2,4,0,3,3,0,NULL,0,4,'activo',2,NULL,NULL,NULL),(207,'Lizbeth Ramos Montero','lizbeth.ramos704@jaliscoedu.mx','$2y$10$L7Wl3416.sk0gDbys2jr5.Rk3aJi8q7RnOVGhlxx6h1aX/h4ILsba','0','4f2107d9b84dbbe946663b3f4ccbc3d501e558c25042b3754fdcb0b569611689','3241111273',2,NULL,NULL,NULL,NULL,NULL,NULL,2,2,2,2,0,2,1,0,NULL,0,2,'activo',2,NULL,'Cetl0022026',NULL),(208,'Joel Ignacio Gutiérrez Serrano','joelgtzse@gmail.com','$2y$10$WSItKXp/y3UdkwdPKJlZA.wdbG48R1c4CbKugXxUO/M8/fnpNaeT2','0','31949a35b8f154fa3d6eeb81261753d2247f3a6940910608b6fef68c7140e587','4961147512',2,NULL,NULL,NULL,NULL,NULL,NULL,2,2,2,2,0,2,2,0,NULL,0,2,'activo',2,NULL,NULL,NULL),(209,'MARIA ELENA ATONDO','maria.atondo@jaliscoedu.mx','$2y$10$tx9gAoV3tNfGAgPU7u9t3u5.RLQS23NDt6jcCNeMbi9dW6GZA/E0O','0','4e19b328e088ced85c0741de8a46a89f9d095839c6f5c9416a9d128cc06a75a8','3314276066',2,NULL,NULL,NULL,NULL,NULL,NULL,2,10,2,4,0,3,3,0,NULL,0,4,'activo',2,NULL,NULL,NULL),(210,'MARIA ELENA ATONDO HERNANDEZ','atmarel21@gmail.com','$2y$10$AuXaZEsfYVPHT3lm1imU.uCLsAmjC4cIy8ZI2UvpKDSCkK9WESle2','0','23953b16b78ca8fb1b862a0e9e96e61ce012ca4fc4bb1402579c13777b1ce0eb','3314276066',0,NULL,NULL,NULL,NULL,NULL,NULL,2,10,2,4,0,3,3,0,NULL,0,4,'activo',2,NULL,NULL,NULL),(211,'MIGUEL ALEJANDRO VARGAS COBIAN','avargascobian@gmail.com','$2y$10$JTvAK5igrfb1YvPmyoDV9.vYvlTUy1jsQ7jeHr9mIJXKhIQuyEPDu','0','8445783c5b059f2de6be7074a1ab0f38f57464b77097620ee622294ff60e5784','3171075049',2,NULL,NULL,NULL,NULL,NULL,NULL,2,10,2,4,0,3,3,0,NULL,0,4,'activo',2,NULL,NULL,NULL),(212,'Ruth Abigail Rosales Mora','ruth.rosales91@jaliscoedu.mx','$2y$10$YOUE0EZWRbTuF0qM6dCpNOfs/OtlQ1RCjcPYtfI/REWaHzoWGPC4i','0','fcd4330f22a965e1f11e9aebab76fd752a0259e46c2d76ff22e2b56f9146d3e6','3751319865',2,NULL,NULL,NULL,NULL,NULL,NULL,2,10,2,4,0,3,3,0,NULL,0,4,'activo',2,NULL,NULL,NULL),(213,'JOSE DE JESUS GONZALEZ DELGADILLO','lic.jose.glez@hotmail.com','$2y$10$liI6Y4X8z/Nv0fEtnK6f9uomnwZL6kYpzbm0vZhGqlLcTvuTSNzhC','0','8f6e39f3ef6847ea24d9ee7301847135f41ad0d1f875e6341e82b509f9c5c4f9','3313828318',2,NULL,NULL,NULL,NULL,NULL,NULL,2,2,2,2,0,2,2,0,NULL,0,2,'activo',2,NULL,NULL,NULL),(214,'Alma Cueva Robles','alma.cueva94@jaliscoedu.mx','$2y$10$6PaPrS2.Vd.fM7RzqBPzOeaeETPpOqUYEU8WfnTwbNM9KxtgldkBC','0','803a64b9fe62f2de25be965906dde9f9896b5ec7c306cb6164fcd19126fd6748','3171326978',2,NULL,NULL,NULL,NULL,NULL,NULL,2,10,2,4,0,3,3,0,NULL,0,4,'activo',2,NULL,NULL,NULL),(215,'Alma Elena Cueva Robles','almacueva05@gmail.com','$2y$10$ip9iXtObNAhNh6VJo0cphOqjNqMzw.JAG6xVVNM5fMiyHj/LwN5cy','0','c6cedcaa61a58e5390f9bfd11c95f46eb6f4f5dc6eb26b7e9fc626381260990e','3171326978',2,NULL,NULL,NULL,NULL,NULL,NULL,2,10,2,4,0,3,3,0,NULL,0,4,'activo',2,NULL,NULL,NULL),(216,'Luis enrique Amparo lopez','luis.amparo@jaliscoedu.mx','$2y$10$M/wVkSI/4/Gz5OpI1uoCneIL/.Oy/CMl6ZJbSUgEajusisVas3bAa','0','154343bd73e0cf216f29f5f3c138174fa88cd11703ed36f23923f2e05aa41034','3337274739',2,NULL,NULL,NULL,NULL,NULL,NULL,2,2,2,2,0,2,1,0,NULL,0,2,'activo',2,NULL,NULL,NULL),(217,'Norma Angelica Lorenzana Sierra','norma.lorenzana@jaliscoedu.mx','$2y$10$XjS4HLPXyEjbvPOyvs0rlOjmNzPCg/pZNu9IVfuqvPp/WwI3oYO66','0','dc75c5f18440efa925883fdf59b6c9be94d9c3750f928a46cd8caaf5a6631286','3317183357',2,NULL,NULL,NULL,NULL,NULL,NULL,2,10,2,4,0,3,3,0,NULL,0,4,'activo',2,NULL,NULL,NULL),(218,'MONICA MONSERRAT ORTIZ','monica.ortiz08@jaliscoedu.mx','$2y$10$v0xTkbniOfd7vZDD9D0GheOtmypSuYjWJEDiTXlLF/hzyxSPQn.ry','0','ffc3714592576cc7aa07085fb64aeb94fb476a85afe5301f24b5dbc070d4b7f3','3481235261',2,NULL,NULL,NULL,NULL,NULL,NULL,2,10,2,4,0,3,3,0,NULL,0,4,'activo',2,NULL,NULL,NULL),(219,'HORTENSIA YADIRA MOTA CHAVEZ','hortensia.mota@jaliscoedu.mx','$2y$10$3ZFaCgvhQFGxkjCg8vX2f.VNd/L9g9py3Llqkm7iK6M.V2qeM3wY2','0','f7e06413dc7f940a895a98fca6db2332d1f23eb603a8046fbd4ac62859184d35','3317670587',2,NULL,NULL,NULL,NULL,NULL,NULL,2,10,2,4,0,3,3,0,NULL,0,4,'activo',2,NULL,'Cetl0072026',NULL),(220,'Mayra Elizabeth De Dios Martinez','mayra.de@jaliscoedu.mx','$2y$10$1/EflNukpr1jMZxb8bEku.QcA4/Fk0nhOu7B7O4L3JPEnDtD.EdzK','0','21b512af168d8c3cde8a496421c62bc9f26e508980b227a9ecd604c3c352983c','3221253419',2,NULL,NULL,NULL,NULL,NULL,NULL,2,10,2,4,0,3,3,0,NULL,0,4,'activo',2,NULL,NULL,NULL),(221,'Luis Nathaniel Ramírez Velázquez','lnathramirez@gmail.com','$2y$10$gLhLkzOwV96jYK0ZavQkeew82OCm/4LN0TPOwiUyfJJ0gg4iH8SaC','0','623aa56759f32c41539926c348e7b549bd550ce19876e985ae7d0a3b83eead68','3317657435',2,NULL,NULL,NULL,NULL,NULL,NULL,2,10,2,4,0,3,3,0,NULL,0,4,'activo',2,NULL,NULL,NULL),(222,'Elizabeth Gallardo Rodríguez','elygal76@gmail.com','$2y$10$yAIrPfv2c4RJM5aymIKZlOlXdSk8FwNo/yP/zyhoJA4UgCen26KDK','0','7320fe94366cdb8897472e29fc6be68a19ede5ef96168d9268e4c725c6d8acc4','3312203387',2,NULL,NULL,NULL,NULL,NULL,NULL,2,10,2,4,0,3,3,0,NULL,0,4,'activo',2,NULL,NULL,'Grupo con 12 alumnos de los cuales 4 son nivel presilabico, 1 alfabetico y 3 silabico.alfabetico, 2 alumnas presentan TEA'),(223,'MARÍA ELENA MACÍAS IBARRA','maciasafiprofe@gmail.com','$2y$10$gKe5ifmkMjHv7v1J1mPgme3JLY1pKlzkoG3bK4vfmqIdcMSv/cPV.','0','a86bbc4f34a9b4870e76971841155652e59b2cc4afc83d9f3edce21505de4d98','3310425578',2,NULL,NULL,NULL,NULL,NULL,NULL,2,10,2,4,0,3,3,0,NULL,0,4,'activo',2,NULL,NULL,NULL),(224,'MIRNA FUENTES DE DIOS','mirna.fuentes@jliscoedu.mx','$2y$10$JTW66rqiGeBbQuOkYhj1D.frKzVbtUiIzfaSYMP6uLbvLV6Rwph8e','0','c8ec7f403a8b34c5ba2e06a37f2ec3ba63448a70999ced1d2b86b2211bf4427f','3221325293',2,NULL,NULL,NULL,NULL,NULL,NULL,2,10,2,4,0,3,3,0,NULL,0,4,'activo',2,NULL,NULL,NULL),(225,'JESUS ANTONIO NERI RUIZ','jesus.neri@jaliscoedu.mx','$2y$10$CC9rot3uw4W2uXkoeZKgy.ED6iNk4sut22YeWDCTdHiKnnbbjQ002','0','8a8003fb5709ac4e18079f9fb8195d72e4e397407d4d3a26113fcbd0d9b24ffd','3314633658',2,NULL,NULL,NULL,NULL,NULL,NULL,2,10,2,4,0,3,3,0,NULL,0,4,'activo',2,NULL,NULL,NULL),(226,'Montsserrath Medina Moran','montsse.mmm@gmail.com','$2y$10$2NA4dbFJWYIBEztYLk.YceSLk4jSgEmMThaXZq3Lodb3rZfhUqbly','0','8fba080258b791e7320375b63c1f876d9ad9b8c8038e3f50186a57a6b33ede2f','3320289598',2,NULL,NULL,NULL,NULL,NULL,NULL,2,2,2,2,0,2,2,0,NULL,0,2,'activo',2,NULL,NULL,NULL),(227,'Benito Bladimir Buenrostro Solorzano','benito.buenrostro203@jaliscoedu.mx','$2y$10$jzH/IzEQPJr1DFKV4J4rbehAe9pYl.WoGGD3d/7GTG3xLJhqzuRJq','0','c9c19f97cdfb540455b6e4282d3cc93e301e0c3b72bf3cedfd90ac06c5f645c9','3314895920',2,NULL,NULL,NULL,NULL,NULL,NULL,2,10,2,4,0,3,3,0,NULL,0,4,'activo',2,NULL,NULL,NULL),(228,'GUILLERMO ALEJANDRO HERNANDEZ ORNELAS','guillermo.hernandez623@jaliscoedu.mx','$2y$10$e2tPaC/bVbH7RgCVflMXtO3.s9edQwpK8sQ8nF3A09eRYa6jdOgNu','0','e66afe38640bee69002d25f26c0e7538e18a517a84250583f6195d613b2ebfda','3324389970',2,NULL,NULL,NULL,NULL,NULL,NULL,2,10,2,4,0,3,3,0,NULL,0,4,'activo',2,NULL,NULL,NULL),(229,'Rosa María Rubio Navarro','rosa.rubio228@jaliscoedu.mx','$2y$10$c1FyNqU1oSd0L6NQVtcSyOngXBJCkiEdehSiq.FZeC5eEbv//Fby6','0','11ede15611f068c4f9e98301ea6fadfd1b5cf1a6a2408ddff9f6d09d50d2ac31','3751043774',2,NULL,NULL,NULL,NULL,NULL,NULL,2,10,2,4,0,3,3,0,NULL,0,4,'activo',2,NULL,NULL,NULL),(230,'jacqueline martinez amador','jacquiamador.08@gmail.com','$2y$10$yfe2ns91yh5inu/IajFTg.0w4tGXirl8QogSNeWthQU2K6sEqyY.e','0','4b221e8ac56af7cdd72304da4f9353e42a416c74fb6759c4b96b50f5b513e9c6','3326274082',2,NULL,NULL,NULL,NULL,NULL,NULL,2,10,2,4,0,3,3,0,NULL,0,4,'activo',2,NULL,NULL,NULL),(231,'Anamim Hernández Ramirez','anamim.hernandez@jaliscoedu.mx','$2y$10$iS6DAnojHL/sSmZ2i5.qMu6r9ttbf8pAobDWmhAlZW7A5KvSjDFnq','0','c592d01fae88b18e1d7006ba37e17005b70e480a6b1f983b8a6f631cd93aa168','3321912411',2,NULL,NULL,NULL,NULL,NULL,NULL,2,10,2,4,0,3,3,0,NULL,0,4,'activo',2,NULL,NULL,NULL),(232,'rosa olivia lamas rojas','rosa.lamas@cetlajomulco.com.mx','$2y$10$MDC8Or0kWytYNxSn/bpgLuRDATqHMpecDPHAOgQ.ePLrghrm298hW','0','b5b0832749848ebd2cd2d02e604de68c48f204df07f8e4866704365c087cb6de','3311670850',2,NULL,NULL,NULL,NULL,NULL,NULL,2,10,2,4,0,3,3,0,NULL,0,4,'activo',2,NULL,NULL,NULL),(233,'Noë Oswaldo Campos Mariz','noe.campos@jaliscoedu.mx','$2y$10$7QbB/DVrgsR6eue.TMqUfOYi3OBLTPSAwtmcqBeA5LJh0CS6MpN0G','0','5797b7fb575b878197c06d169e98e77a27d09e63aebc4fc91ca4af7df4b08eb7','3334615716',2,NULL,NULL,NULL,NULL,NULL,NULL,2,10,2,4,0,3,3,0,NULL,0,4,'activo',2,NULL,NULL,NULL),(234,'Karla Dahina Cervantes Torres','karla.cervantes15@jaliscoedu.mx','$2y$10$nM1JnCvYjvk0rDvi2JmEj.eo1b1ecEejNiS0AJG5wR0IsNM/mXI.q','0','02f86fb788d7683f84a93199e10ebb0e57b9a86f6605b678913daeb5d226edff','3334803635',2,NULL,NULL,NULL,NULL,NULL,NULL,2,10,2,4,0,3,3,0,NULL,0,4,'activo',2,NULL,NULL,NULL),(235,'GEOVANNA CASTILLO BELLO','geovanna.castillo@jaliscoedu.mx','$2y$10$5t23LP.fFyCrxzzDatnNc.Cfv4r6NVzqspczUKHTVWQnQgxrRs9eu','0','c8e1928888ef533d0049d95c1986c5cebe508fbd17799bb2da6915b52d11adc8','3122996893',2,NULL,NULL,NULL,NULL,NULL,NULL,2,10,2,4,0,3,3,0,NULL,0,4,'activo',2,NULL,NULL,NULL),(236,'Luce Linda Cárdenas González','luce.cardenas@jaliscoedu.mx','$2y$10$R7ao92sNrgjnGCdSm5WTse17dPcs4mw73..bKZpHMre4UqNPrAwxW','0','afedf33f84122fc1c037d153fad21d6ca1629e9b6e1fb9029412fd7b0738182a','3151063461',2,NULL,NULL,NULL,NULL,NULL,NULL,2,10,2,4,0,3,3,0,NULL,0,4,'activo',2,NULL,NULL,NULL),(237,'Melanny Viviana Cesar Aceves','melanny.cesar641@jaliscoedu.mx','$2y$10$SQbmEWwQq1UpffeIi6P1Ye40vkP/r6JTptNow6GPH9JddW/KDJ1XS','0','f664e5064da0e74ba105fb1367c44493ab8e9d64002e2434f57d0d8dfb79bd45','3317243895',2,NULL,NULL,NULL,NULL,NULL,NULL,2,10,2,4,0,3,3,0,NULL,0,4,'activo',2,NULL,NULL,NULL),(238,'MONICA MONSERRAT ORTIZ','monica.ortiz@cetlajomulco.com.mx','$2y$10$dQAto8wh79RK7A0eOOEomOl39doraD0Vtik5GSi2r8RTDfQv4D0Sa','0','357627496593c8697e9780d4c152587bb565479cf5c70428d5c4fefd4f7dc029','3481235261',NULL,NULL,NULL,NULL,NULL,NULL,NULL,0,0,0,0,0,0,0,0,NULL,0,5,'activo',2,NULL,NULL,NULL),(239,'Esmeralda Yoshelin Torres Enriquez','esmeralda.torres36@jaliscoedu.mx','$2y$10$JoAukTYqsSV/EL99GpcdmuQYVpJgdzLaDjiRfuq/gaT5UYnaX3/kG','0','d27b1e935e3058924287627d0e0211b715e9a6c2b5dd61c647a000f0fa9a4cda','3481142320',2,NULL,NULL,NULL,NULL,NULL,NULL,2,10,2,4,0,3,3,0,NULL,0,4,'activo',2,NULL,'Cetl0022026',NULL),(240,'Esmeralda Yoshelin Torres Enriquez','esmeralda.torres@cetlajomulco.com.mx','$2y$10$993kbMXPyFNeoKeKmHSv9uydxciHpxp6ou3BLOrc/LHb0mVtVjfIK','0','05211e854b76d3489df607c430fb4b4a58d095a2023e0d200be96de29a747155','3481142320',NULL,NULL,NULL,NULL,NULL,NULL,NULL,0,0,0,0,0,0,0,0,NULL,0,5,'activo',2,NULL,NULL,NULL),(241,'Armando Núñez Pelayo','armando.nunez@jaliscoedu.mx','$2y$10$yWBIeJtJUCo/HxHdo4kDFu9W1DifjasuopOSLdNta1N/.dj1w0vE6','0','7393371fbc541f16e7bb50c218340d1dd9fdcf93a23cf5dda7fdaf0b70d606db','3173851766',2,NULL,NULL,NULL,NULL,NULL,NULL,2,10,2,4,0,3,3,0,NULL,0,4,'activo',2,NULL,NULL,NULL),(242,'Karen Yáñez Casián','karen.yanez@jaliscoedu.mx','$2y$10$x6Qk46pct7ivuHeCGLyroOufiWOTqAHtY6hdwW5EPOoI0RaEigNV6','0','f376dab0658cf1d49d08f522748bb87bef1b6f7e4eb8d8b238d84a45d0b2a063','3310711198',2,NULL,NULL,NULL,NULL,NULL,NULL,2,10,2,4,0,3,3,0,NULL,0,4,'activo',2,NULL,NULL,NULL),(243,'Miriam Flores Larios','miriam.flores@jaliscoedu.mx','$2y$10$v6esZZjJmILNzFYAxHNfi.JFbpBcmjTVx8OwftDX0zTY/GFdSNrQK','0','d5fd70387ca6474c36b1dbdc78d48e661e76340f7bd2a99553c9cc12889a3c42','3171126641',2,NULL,NULL,NULL,NULL,NULL,NULL,2,10,2,4,0,3,3,0,NULL,0,4,'activo',2,NULL,NULL,NULL),(244,'Cynthia Angélica Gómez López','cyna.golo93@gmail.com','$2y$10$6Z4nspE6.3ETQeoKk0usvux8eL8Jx6tIIGqvql8NN3WECDwBSfuzi','0','18a656b29b2969fabebd18773ad6aac80932e8a25bfd1b3bb5bf6f3b81622a86','3781087649',2,NULL,NULL,NULL,NULL,NULL,NULL,2,10,2,4,0,3,3,0,NULL,0,4,'activo',2,NULL,NULL,NULL),(245,'Adriana Contreras Tejeda','adriana.contreras152@jaliscoedu.mx','$2y$10$NTSJyBj536TgPZkU3Bd6BezugOfSnnGBm/ir/hJWcotiNIsum3.yS','0','db4d8ce03b1887e7281c51c654faa8a6895b0077aecc8539b33a29d8e56a7d89','3751470873',2,NULL,NULL,NULL,NULL,NULL,NULL,2,10,2,4,0,3,3,0,NULL,0,4,'activo',2,NULL,NULL,NULL),(246,'Natalia','natalia.urista33@jaliscoedu.mx','$2y$10$MBj9dsy8zVqFcQpKCDqS6uy7RTjGSy7AN.jGbN32LJb92MACUUgnK','0','f5a23b6256d89af5a47978c321c737c0586918e0e87fbda0e418b1cd5b0c6b61','3173876421',2,NULL,NULL,NULL,NULL,NULL,NULL,2,10,2,4,0,3,3,0,NULL,0,4,'activo',2,NULL,NULL,NULL),(247,'Héctor Manuel Catedral Velázquez','hector.catedral@jaliscoedu.mx','$2y$10$amBRoj.gYuIgTmc3EYNysu32RJCbkpUAHpDS1vnHv3MTqz77bbXk2','0','6b1c0a33765bc07545fece681e7f273a5c37f164f608bcfad6f538a4b238345b','3318931832',2,NULL,NULL,NULL,NULL,NULL,NULL,2,10,2,4,0,3,3,0,NULL,0,4,'activo',2,NULL,NULL,NULL),(248,'Laura Margarita Hidalgo Bolaños','laura.hidalgo@jaliscoedu.mx','$2y$10$RTprWHMHjWD.gf.pgHNQeeNx/q9z0..oku1BPGAu12zyr0r9ydNai','0','bcc56b5cb708d24e5a51b702fc94fd949f0faa7d1aa6df38327b7767dcd03e29','3310213154',2,NULL,NULL,NULL,NULL,NULL,NULL,2,10,2,4,0,3,3,0,NULL,0,4,'activo',2,NULL,NULL,NULL),(249,'Valeria Jaime Murillo','ivan17marzo@gmail.com','$2y$10$ddGAI9EL3DGFmbLZ1P0bkOQwKjq8paLioK0Jr8CumMy3Lj14ot/O6','0','f4de1cee80789b246646a40072f3ea4797b58487dd7115d8de698c22f62d2014','3921061522',2,NULL,NULL,NULL,NULL,NULL,NULL,2,10,2,4,0,3,3,0,NULL,0,4,'activo',2,NULL,NULL,NULL),(250,'Araceli Regalado Noyola','araceli.regalado@jaliscoedu.mx','$2y$10$TMDnrvmJd1GW.SriKVl56O2fD0yTQZq/7Xh89lLkkz1WeBF5.TF6K','0','85ce397fc97131ec21f4cd64b450681dc2cd1949df6b60382df46dce9c65e772','3316951687',2,NULL,NULL,NULL,NULL,NULL,NULL,2,10,2,4,0,3,3,0,NULL,0,4,'activo',2,NULL,NULL,NULL),(251,'Ana Mireya Sandoval Navarro','ana.sandovaln@jaliscoedu.mx','$2y$10$XPFk3ny3wyxvHa0np8u6UueIzcXjK4ceXKLCEp1QarUMQpLYm5w5a','0','829a695d686b5e63f0eb5b48e82c8b25229b9b5663376e815bcb54032ceb3503','523315741025',2,NULL,NULL,NULL,NULL,NULL,NULL,2,10,2,4,0,3,3,0,NULL,0,4,'activo',2,NULL,NULL,NULL),(252,'Gloria Thais Magaña Ceja','gloriamagana35@gmail.com','$2y$10$RcoS/MuwBVyf.teUe.cpT.gK.db6IZsXgpfx/VF39wb2D5P24c3q2','0','db0d7d24e008692dc1c859ff4f22ca068058c7b2ce90b97afccce501f621cc42','4531161316',2,NULL,NULL,NULL,NULL,NULL,NULL,1,10,2,4,0,3,3,0,NULL,0,4,'activo',2,NULL,NULL,NULL),(253,'Ana Celina Padilla Martínez','anaceli1977@gmail.com','$2y$10$Pm/JohWOL/oZuzFhFz090.9uPSuGnuIy3b4UxnViXp71BOg8wGbWC','0','0ab239ff2c9bd167feafe7c93bc09f819e68a6c74e8551ab1021dec48b90f3bf','3335081012',2,NULL,NULL,NULL,NULL,NULL,NULL,2,10,2,4,0,3,3,0,NULL,0,4,'activo',2,NULL,NULL,NULL),(254,'José Héctor Saúl Ayala Rodríguez','tgo.saulayala@gmail.com','$2y$10$idIN0xrCU0BQ06gXqyBLFeCQ4qq2K.aPbdfaCdGuTtD/nSFRJ5CZi','0','e6d631ef0f7c4c740a262b68b9adbef7f0561804bdc0164c2053656264f07f92','3319050798',2,NULL,NULL,NULL,NULL,NULL,NULL,2,10,2,4,0,3,3,0,NULL,0,5,'activo',2,NULL,NULL,NULL),(255,'Ana Cecilia Martinez Rios','ana.rios@jaliscoedu.mx','$2y$10$AMQbJgq72NY4q6NcBeqOee1D5in8aJIhA/GD7dBZNn.tD6dswn24y','0','170005678fae251c0e615294aaeb786eedea38ae55e1b929e208fd71f55f1eed','3316013632',2,NULL,NULL,NULL,NULL,NULL,NULL,2,10,2,4,0,3,3,0,NULL,0,4,'activo',2,NULL,'Cetl0152026',NULL),(256,'Fabiola Hernandez Ramos','fabiola.ramos@jaliscoedu.mx','$2y$10$NWyWO4ZcYwhcAVsKv1QYEu3i19oho4Vj.BdI9.brd9fKQDotlOzV2','0','3b5d47c61eafed0d4be65ef930927b40d0900dc7ed076d731686ccaf58cd44c0','3334887128',2,NULL,NULL,NULL,NULL,NULL,NULL,2,10,2,4,0,3,3,0,NULL,0,4,'activo',2,NULL,NULL,NULL),(257,'María de los Milagros Rodríguez Benítez','milagrosrodriguez@coxford.edu.mx','$2y$10$QzLs8rRpX5Z4bU88ea6Gbu2sR0b6oSpBtPqWKiJftbYQQCEnx4ivC','0','f1cde562c3f7d53fc4bcb4522f6b975377fdb6866dbfe84b965eb4fff20713c0','3322584496',2,NULL,NULL,NULL,NULL,NULL,NULL,2,10,2,4,0,3,3,0,NULL,0,4,'activo',2,NULL,NULL,NULL),(258,'Magdalena Yuliana Orta Molina','omyuli22@hotmail.com','$2y$10$yBP1ZJma0G3a1pc2fX1v1ONLr3FlLKI6nqW/ihiO51g/JQgKbmWeW','0','a7923a08e44c623491e8ba14dc046b31e7d66c3058508222c845d4ac2b548c1e','4171006660',2,NULL,NULL,NULL,NULL,NULL,NULL,2,10,2,4,0,3,3,0,NULL,0,4,'activo',2,NULL,NULL,NULL),(259,'José Héctor Saúl Ayala Rodríguez','jhsayala@gmail.com','$2y$10$rZu8OU3VNhIjhXsqzB9A5u0Szz.fhPB6Txlu8Fgf5.YVDZ1OJ9Muu','0','615bbf3371f47a29054cb9ddf2b21185cdc90db39d20fccb7832504a2573b6e7','3319050798',NULL,NULL,NULL,NULL,NULL,NULL,NULL,0,0,0,0,0,0,0,0,NULL,0,5,'activo',2,NULL,NULL,NULL),(260,'Brenda Guadalupe Larios Vázquez','brenda.larios1901@jaliscoedu.mx','$2y$10$5DGG2uWeVIDMGrN8avHQj.W0M7bm30ZUjJYIWkzDA31GkT/05hN.C','0','8e7077460572085e7511bd90ff6d5c233568b0d892cf79ee46f9d6a73feec3f8','3345362421',2,NULL,NULL,NULL,NULL,NULL,NULL,2,10,2,4,0,3,3,0,NULL,0,4,'activo',2,NULL,NULL,NULL),(261,'MARIANA ISABEL CADENA DE ANDA','isabel.cadena@jaliscoedu.mx','$2y$10$MWAGefKz3jY4LkuGv1E74Ojp.prc1M55YTh0CjUUatfBC6RGaXbXW','0','569f6a87474d2777a4d1d06339bc563b1fec559d0bf098b78b66afceca3d31e3','3310925518',2,NULL,NULL,NULL,NULL,NULL,NULL,2,10,2,4,0,3,3,0,NULL,0,4,'activo',2,NULL,NULL,NULL),(262,'Lourdes Deyanira Magallòn Hernández','loudeymagallon@gmail.com','$2y$10$D5ZqdU9tt9s5gN7LWcaGA.7YujMsELfE4WCWXpJmUQhuyw2vxwdFW','0','a6067f7ee9256cc2f990d70032f774763f48655026a3642aa4e8a7453d0b012e','8115880605',2,NULL,NULL,NULL,NULL,NULL,NULL,2,10,2,4,0,3,3,0,NULL,0,4,'activo',2,NULL,NULL,NULL),(263,'YURITZI NAYELLI GOMEZ ROSAS','yuritzi.gomez201@jaliscoedu.mx','$2y$10$d0VUPLtUrBbdn3zPVa.InOsPNo9yorA0FinGnMgEyQg94INXwx3Ra','0','2c1dd17c80d8eba655cdd7945cfb144878c50165808ee2cf112507887326010f','3324448616',2,NULL,NULL,NULL,NULL,NULL,NULL,2,10,2,4,0,3,3,0,NULL,0,4,'activo',2,NULL,NULL,NULL),(264,'Mónica Marcela Padilla Rubalcava','monipadilla.sej@gmail.com','$2y$10$.g/vNN0J6MsayWqNe3ldX.xmAekkIlQF33b.eEicg8PRkgaEUKfcu','0','ffa7e2cf6c643cacd0f2939ef18c6eb318304c5d37b9a6e9bef3d2da24b42cf6','3314024340',2,NULL,NULL,NULL,NULL,NULL,NULL,2,10,2,4,0,3,3,0,NULL,0,4,'activo',2,NULL,NULL,NULL),(265,'ELIZABETH LOPEZ VALLEJO','alexyliz04@gmail.com','$2y$10$Y33NHPnebVvYHveXpvqmZeFjSqKrqNXR8NyzVHSe3IbTm7vX6AxI.','0','f2119585395fa70f0a48e237e84b34c1d9c0aa390f1c7f5cda7be312c8417598','3322121300',2,NULL,NULL,NULL,NULL,NULL,NULL,2,10,2,4,0,3,3,0,NULL,0,4,'activo',2,NULL,NULL,NULL),(266,'Miguel Angel','miguel.algaba@cobaej.edu.mx','$2y$10$pGboBnsmJWz7g9ClYH8ju.8L0ivD3.bMHOfSiC2VIbyrj1n0Su8Oi','0','40e5989afdb22ce4819d552d7ffa9159b853f31eddb42028a63d90bc45709a02','3310400708',2,NULL,NULL,NULL,NULL,NULL,NULL,2,10,2,4,0,3,3,0,NULL,0,4,'activo',2,NULL,NULL,NULL),(267,'Renata Abigail Juárez Zamora','reny25zamora@gmail.com','$2y$10$oFNCcGjlXid6AFhWj6kj5OheHK2mh1aPKfPo1ugkQ2eMdDgljPMIy','0','c9b030a3c7d8b9a720dbec6fde021f59bc5b47573e3b8453d58392bbd4977004','3141238327',2,NULL,NULL,NULL,NULL,NULL,NULL,2,10,2,4,0,3,3,0,NULL,0,4,'activo',2,NULL,NULL,NULL),(268,'Ana Isabel Rojo González','paratianarojo@gmail.com','$2y$10$ijB5l47fr09M7DpSHAgLv.nDJnSO.HMxDoLgo73XOm5OnyncArLh6','0','37193d4ab28ee61219953a7cba5575037227e635a7adac0e9f8728cfc91aa8a1','3311678780',2,NULL,NULL,NULL,NULL,NULL,NULL,2,10,2,4,0,3,3,0,NULL,0,4,'activo',2,NULL,NULL,NULL),(269,'Irma Veronica Ariceaga Moreno','irma.ariceaga326@jaliscoedu.mx','$2y$10$IqReDRxIuH8QkiK5.acNb.apBD7GUbmgWidOitgGQOxHokQh0NdA6','0','9f61e58989a9c3373cde663a7ed6a885b1acd4d88cc7e69e0770e0b67f188743','3314169890',2,NULL,NULL,NULL,NULL,NULL,NULL,2,10,2,4,0,3,3,0,NULL,0,4,'activo',2,NULL,NULL,NULL),(270,'Irma Veronica Ariceaga Moreno','ariceagamorenoirmaveronica@gmail.com','$2y$10$YIrWH6Acr0Nb2qAqdzRV8OeYqXir16cduTHTsD0I/8xfmpxr6jxIa','0','2ac11580619a27f2ddf5147d7c937e9d760a2379bae0480d0dacde64e607b75f','3314169890',NULL,NULL,NULL,NULL,NULL,NULL,NULL,0,0,0,0,0,0,0,0,NULL,0,5,'activo',2,NULL,NULL,NULL),(271,'Karla Araceli Manzano Perez','mapearka09_15@hotmail.com','$2y$10$YvV7ZK8ReCWVKLJ7vfeJP.Ad7mU5LyEGuwXzG6vRK6N/U7BmmZBk2','0','85368b0aa2b649cfc3f9a6aa7785f4fd4e41708873eef02e555cf4767d85712b','3335076128',2,NULL,NULL,NULL,NULL,NULL,NULL,2,10,2,4,0,3,3,0,NULL,0,4,'activo',2,NULL,NULL,NULL),(272,'Alondra Graciano Escobedo','escobedoalondra460@gmail.com','$2y$10$znZqOb9ZkZh19eRz6VJJLuHyYngLjoFUMJNB/UT0pnPbvKjAzjqOi','0','6f4daf6551fee5d5038d3549f9ff1991ca7ff6471ae3db2292014df7a2320e3b','3319991867',NULL,NULL,NULL,NULL,NULL,NULL,NULL,0,0,0,0,0,0,0,0,NULL,0,5,'activo',2,NULL,NULL,NULL),(273,'Yesenia Salazar Huizar','yesisalazarhuizar@gmail.com','$2y$10$jxcpSX0/.dQweQ24O8Pnw.cwNDuHWxInlS1y534xUNMjfUuS5NGH2','0','65da7c38aec3aac6d90bf03f0608539cc0dd8e84611171fec8a9959794beae5e','3328259289',2,NULL,NULL,NULL,NULL,NULL,NULL,2,10,2,4,0,3,3,0,NULL,0,4,'activo',2,NULL,NULL,NULL),(274,'Amelia Vianeey  González Mejía','amelia.gonzalez@jaliscoedu.mx','$2y$10$J3t5MDajmgCyx8oCT/462.t2csm9h0YNRorgDGyhH3s0sA8km3v8a','0','cee1fc0afb513332d3a14aa91625ddf445d9df7f64b7ecc107ce302e4c251643','3411506702',2,NULL,NULL,NULL,NULL,NULL,NULL,2,10,2,4,0,3,3,0,NULL,0,4,'activo',2,NULL,NULL,NULL),(275,'Diego Ocegueda Quiroz','diegoquiroz41902@gmail.com','$2y$10$zVY19fNMY6KUWt6nM892nu293Z.cBoFmFeMS7nF1ngcxkWMU26NUK','0','1b6e5d8e8d7836d170d01225a300d634ab3aad8373009c17b1f457ccf07c0985','3328181324',2,NULL,NULL,NULL,NULL,NULL,NULL,2,2,2,2,0,2,2,0,NULL,0,2,'activo',2,NULL,NULL,NULL),(276,'Verónica Mares','alesitamares@gmail.com','$2y$10$fQ/O1Z8OFNceSbcMJHcFF.S86eKBS4W70wQcZSpQEJgSFz0lbAycm','0','5e37fdc8452b097e3165ab77270ba94e10328ace958256fd04f4c7601f5f6c72','3317639045',NULL,NULL,NULL,NULL,NULL,NULL,NULL,0,0,0,0,0,0,0,0,NULL,0,5,'activo',2,NULL,NULL,NULL),(277,'Astrid Itzel Vazquez Estrada','vaesasi.17@envm.edu.mx','$2y$10$MgWcwfgQrsG7e2Ssg/FoveZs06s4f735MA9pWqMtc/5EAUxyPIbMq','0','91198e9c3e8e2f03ce43d5b41ea084fc6bbf47a340ba710339c8c445321ff92e','7721141690',NULL,NULL,NULL,NULL,NULL,NULL,NULL,0,0,0,0,0,0,0,0,NULL,0,5,'activo',2,NULL,NULL,NULL),(278,'MARIA DEL ROSARIO  GÓMEZ  VÁZQUEZ','charisgomez105@gmail.com','$2y$10$NSe8owFfYrdFxNePbXIzu.iFsug6sWkVHNL/zGSvDwKXJA/CpQM/O','0','2be6c2d38ae42e15e2ae4efb7bf3bd64143e90a8856159453193dfa96d9ea743','3751036561',NULL,NULL,NULL,NULL,NULL,NULL,NULL,0,0,0,0,0,0,0,0,NULL,0,5,'activo',2,NULL,NULL,NULL),(279,'Adriana Mermejo Jiménez','adriana.mermejo@jaliscoedu.mx','$2y$10$KdTR4I3LTQcp7H46f4621uUJom7FNwVeUaBNFbbOUBtISGA9QwHJG','0','de331604be1e3bbea39efcf4c24fe6f01148a65770be5701dd37a91ae2bb245f','3315321571',2,NULL,NULL,NULL,NULL,NULL,NULL,2,10,2,4,0,3,3,0,NULL,0,4,'activo',2,NULL,NULL,NULL),(280,'Ana Karen Montes Espinoza','kapacemontes1112@gmail.com','$2y$10$iNovJSRnw.jIbXmvl4584eCCxEuw4eX2g6aiKhOGokP.9W0F3pjfG','0','9f958ac3275fb9057c6ecdbed3a64a7175a779417a47e5d417cccab1a5be9bd5','3319234346',NULL,NULL,NULL,NULL,NULL,NULL,NULL,0,0,0,0,0,0,0,0,NULL,0,5,'activo',2,NULL,NULL,NULL),(281,'Maria Del Carmen Tabares Garcia','del.tabares@jaliscoedu.mx','$2y$10$XpIAgNxbcVjXqhwl5WhTD.1CO.bZfAwOxvUZ1kAywLeRkm4kIQszK','0','03b7f7214abe2c000630a4fc99d55c899ea250a845c23c6293bb0641a1e08046','3311235431',2,NULL,NULL,NULL,NULL,NULL,NULL,2,10,2,4,0,3,3,0,NULL,0,4,'activo',2,NULL,NULL,NULL),(282,'Silvia Partida Guzmán','silvia_761103@outlook.com','$2y$10$WkqSFz2f.7hQDGciaQKPeOWsofa16Fkc2cDDEB1C9IDds3GJr7JEK','0','f1a4cc9729e2cf646e20d3c957db5dfee09eecaa0fd92f91cf17be1489c8740b','3251116220',2,NULL,NULL,NULL,NULL,NULL,NULL,2,10,2,4,0,3,3,0,NULL,0,4,'activo',2,NULL,NULL,NULL),(283,'Lizbeth Aceves Gil','lizbethacevesgil@gmail.com','$2y$10$EZfQgjz.kSsoaJRpJGCHxemoPRhWTLr6R7ouAYrytzFDblk38pGD.','0','8c3d7cfd00851358622fd90a80f3ec2096af132839dc72ce6ece71e75e508573','3314524097',2,NULL,NULL,NULL,NULL,NULL,NULL,2,10,2,4,0,3,3,0,NULL,0,4,'activo',2,NULL,NULL,NULL),(284,'Delgado Ventura Gerardo','gerardo.delgadov@jaliscoedu.mx','$2y$10$RcFChWUhbZQMGgJVGPPkH.0ZADKrLREi8kAKesa4j5WqyluAr22sS','0','df0bd21345e5728b4f238527151a8fb6b82ff67d31037d853dc4871d3e8637e3','3311781454',2,NULL,NULL,NULL,NULL,NULL,NULL,2,10,2,4,0,3,3,0,NULL,0,4,'activo',2,NULL,NULL,NULL),(285,'Bertha Alicia Rivera Bernal','bettyboop24789@gmail.com','$2y$10$WVm8GlRzurm3zUqrN7q5.eYMHrx5baODw4lt2aZyldKY4WKAgVWOe','0','5863fc228b95159189c3c14a14e7287bc8b762a3453908f717b2edef4e8c27f7','3315325627',2,NULL,NULL,NULL,NULL,NULL,NULL,2,10,2,4,0,3,3,0,NULL,0,4,'activo',2,NULL,NULL,NULL),(286,'Edgar Iván Lara Gutiérrez','edgar.larag@jaliscoedu.mx','$2y$10$Y6ttZUz3Ia55k8AYy9O2GegQKqBHBeRlVHkrfS2DavFZGOgLohNo6','0','381cab0872ac2cbd441b4cf61154093a1844dd8873f0c5f84f943d17f3c9e136','3171197499',2,NULL,NULL,NULL,NULL,NULL,NULL,2,10,2,4,0,3,3,0,NULL,0,4,'activo',2,NULL,NULL,NULL),(287,'María Del Socorro Cortez Zambrano','cortezzambranosocorro@gmail.com','$2y$10$YoakcqKVt3LVpq4JUShYv.COrPxS9zhMyUQCYOCi67dZLtdQX.IE2','0','f89fba388942ffab1a87b97e07f019132ed7d95dd581465a46a98a63df979241','3317513447',2,NULL,NULL,NULL,NULL,NULL,NULL,2,10,2,4,0,3,3,0,NULL,0,5,'activo',2,NULL,NULL,NULL),(288,'María Monserrat González Herrera','mariamonserratg78@gmail.com','$2y$10$j4xgCsnQUNdjLloinVgMn.UvEYhJt6jwlytMy/bPs3jUOiQ2X0K.G','0','259732208c1f517884cf925eefa3148f8985dca00368a37ac0e807bffea2d9b2','3344546340',NULL,NULL,NULL,NULL,NULL,NULL,NULL,0,0,0,0,0,0,0,0,NULL,0,5,'activo',2,NULL,NULL,NULL),(289,'LETICIA CORTES ROMERO','ytelli.cortesromero@gmail.com','$2y$10$JiWLs8XyRqKPAp0i6qC7cuLI4gb7hOKkcQH1hczSTkpKlu/.THlkO','0','35f0178aa3dc356038da0d0db9274afdb41df80f0d45e04bad81119c146c44dd','3311148760',2,NULL,NULL,NULL,NULL,NULL,NULL,2,10,2,4,0,3,3,0,NULL,0,4,'activo',2,NULL,NULL,NULL),(290,'JORGE ARMANDO VALDIVIA SANDOVAL','javs.75.nuevo@gmail.com','$2y$10$ThM6joanO7kAHbQgq5tNKeDPqmhonm/VrXarkcna/3R6rg3jqLjiS','0','99409b389248112030961f0d261016a199c9da0178bd5308d084655aca54da6f','3334040687',2,NULL,NULL,NULL,NULL,NULL,NULL,2,10,2,4,0,3,3,0,NULL,0,4,'activo',2,NULL,NULL,NULL),(291,'JORGE ARMANDO VALDIVIA SANDOVAL','jorge.valdivia_s@cetlajomulco.com.mx','$2y$10$izDEDaO6ElerZfcY1S6nzOCra5IFlanPfl2oP11zME4KuWN.fvoj2','0','bfa878b4b8246513bec62f7fe409a8890b09db1b15741b40d058da79c3c36705','3334040687',NULL,NULL,NULL,NULL,NULL,NULL,NULL,0,0,0,0,0,0,0,0,NULL,0,5,'activo',2,NULL,NULL,NULL),(292,'Manuela Higareda Rangel','nellyhigareda@gmail.com','$2y$10$f4LsssG4YEAEh79fpL2soO.q8xI4fFUkYVNCM9SaJaXldSJlBkyzq','0','e516793230f30b68eca9f4122608b7fa80641aa19d21c6c0df2bcd7ff75bba1a','3313357228',2,NULL,NULL,NULL,NULL,NULL,NULL,2,10,2,4,0,3,3,0,NULL,0,4,'activo',2,NULL,NULL,NULL),(293,'Maria Del Carmen Tabares Garcia','carmentg0901@gmail.com','$2y$10$rfGToPtuWHpZ3hqxI866yexrjMVP4NAxazKciCtHXpaiYgtTq.0E.','0','7a71631c7ae6b9bb9b482409e43cc42ead2ae19d0c99f1c6bf5a8a15ee5d421e','3311235431',2,NULL,NULL,NULL,NULL,NULL,NULL,2,10,2,4,0,3,3,0,NULL,0,5,'activo',2,NULL,NULL,NULL),(294,'Areli Griselda Ambris Cuevas','areli.ambris@jaliscoedu.mx','$2y$10$GHIif1V96ZrnmxoCnw.QKekmbtFt83DSWMl8cVt2CAvkeeiL7dHey','0','c4cef9d19ed4f9cd754b681d8aee7a3c54af4494b30ae56d255ab4f418fc9260','3326379850',2,NULL,NULL,NULL,NULL,NULL,NULL,2,10,2,4,0,3,3,0,NULL,0,4,'activo',2,NULL,NULL,NULL),(295,'Francia Cristina Garibay Novoa Mercado','mercadocristina701@gmail.com','$2y$10$1hXO2q15Vj11.FSb3zdrn.JRBs344IMKFy9EWNDGyCKPqC3KD6Qnq','0','042366fc3b9a46a58014db2199005a08fe0706978b61c81614173d60d4a1b900','3787084326',2,NULL,NULL,NULL,NULL,NULL,NULL,2,10,2,4,0,3,3,0,NULL,0,4,'activo',2,NULL,NULL,NULL),(296,'Martha Delia Casillas Cárdenas','mardelcc@gmail.com','$2y$10$cOWHVaGfdkcjmRhSbMRpLuvblny3gx2WgXzNO9ngyQULtQeYr7jdW','0','6371270a5f400653b872e052cbc1373574d326e6aef214ffca522abf06ce14b8','3313881828',2,NULL,NULL,NULL,NULL,NULL,NULL,2,10,2,4,0,3,3,0,NULL,0,4,'activo',2,NULL,'Cetl0212026',NULL),(297,'Ana Karen Montes Esoinoza','ANA.MONTES628@JALISCOEDU.MX','$2y$10$Yw79Ik7Pis9Nsvm4MKueOuzzvI2LbHJkc3.FZkrWZo0oKrDz16Bp.','0','2f98354009d3479fb0edb09ba24e1c083612f3e9e6cbd8f27c85e90122c10936','3319234346',2,NULL,NULL,NULL,NULL,NULL,NULL,2,10,2,4,0,3,3,0,NULL,0,4,'activo',2,NULL,NULL,NULL),(298,'Myriam Ileana Cordero Cedeño','myriam.cordero@cetlajomulco.com.mx','$2y$10$h.PC5Z3hzBCWJeWGJy8zY.HizNce6AQJzoyA6K2agPuqZQ4zYLrB6','0','a6ad07557cccc8c45282d3a066f1a91ffd011cea8e984c0e8af0fb81390c21a0','3310434607',2,NULL,NULL,NULL,NULL,NULL,NULL,2,10,2,4,0,3,3,0,NULL,0,4,'activo',2,NULL,NULL,NULL),(299,'Myri Cordero','gallogallina.mc@gmail.com','$2y$10$uUwG5mNKca9012T5rXJjru8qhnVGK5GlojfJ5VrIiN0IH1oVbM6Em','0','35b7bac0c2add4b53baae2f580f2c720f7b17be9717a794f61d6358e888ff936','3310434607',2,NULL,NULL,NULL,NULL,NULL,NULL,2,10,2,4,0,3,3,0,NULL,0,5,'activo',2,NULL,NULL,NULL),(300,'Lihodet Nohemí Cordero Cedeño','mejidoyoyis@gmail.com','$2y$10$QbL/Ew1AUPiryzVRjOaIKeKT5IV85NqlU/cnjLqltuSaRcr3rRiAG','0','a5d71e972a7fb2cc6b5d481295b948e308e851a836b5c658380b26dd501cdf71','3310627232',2,NULL,NULL,NULL,NULL,NULL,NULL,2,10,2,4,0,3,3,0,NULL,0,4,'activo',2,NULL,NULL,NULL),(301,'Juan Manuel Borroel Macías','jumaboma523@gmail.com','$2y$10$Pcwv9extEj4FBM4THIAr/OKtqIVsDNSd5IdqL3c0VCsr/OM8n6OYC','0','cd185983bfe94cc5daa586e06ce649d4def249142d4d514455e81e085ab68fc3','3461095789',2,NULL,NULL,NULL,NULL,NULL,NULL,2,10,2,4,0,3,3,0,NULL,0,4,'activo',2,NULL,NULL,NULL),(302,'magaly josefina juarez gutierrez','magalyjuarez3314@gmail.com','$2y$10$fM/rGKfCfQhRZ8vSFFcBuupLmeAeNYhMlYmkRwFF3Nihca0ytAEwe','0','f0a5a913df026f86a885258b9175e9e011f337114a734fea71f306651f925632','3314371446',NULL,NULL,NULL,NULL,NULL,NULL,NULL,0,0,0,0,0,0,0,0,NULL,0,5,'activo',2,NULL,NULL,NULL),(303,'Rocio Sugey','rocio.avalos954@jaliscoedu.mx','$2y$10$38DIAl7HH3rw88TfwXZikuXuZH.5Cw6fAEjnyNLe/TcE8a5GeOrYq','0','315a4fbcd10a522b87a59861d2fa7f2064251fbf6c0a2904e75a40398a2bf241','3323522335',2,NULL,NULL,NULL,NULL,NULL,NULL,2,10,2,4,0,3,3,0,NULL,0,4,'activo',2,NULL,NULL,NULL),(304,'Clara Alejandra García Llamas','clara.garcial@jaliscoedu.mx','$2y$10$EytJl6R1IED/dSTMVP5Mjest3crpmYHTo.ZgVZghTf3KpvujrvXwG','0','b226afb3d29c1ed24df3a0353c6f4f4f54867687cc7036fcea5f37f940aa3c20','3312514217',2,NULL,NULL,NULL,NULL,NULL,NULL,2,10,2,4,0,3,3,0,NULL,0,4,'activo',2,NULL,NULL,NULL),(305,'Isaac Gabriel Robles Ramirez','isagarora@gmail.com','$2y$10$Wk0eaxJOMDNjnZJ80oujl.YKTCvCoH2th0pHxwvclyQuiAQl/EfLa','0','3302c12c576eccb49fa7167b9124473094d1c7dfc614b40a7d51e839438a7322','3321540431',2,NULL,NULL,NULL,NULL,NULL,NULL,2,10,2,4,0,3,3,0,NULL,0,4,'activo',2,NULL,NULL,NULL),(306,'CASI TRUJILLO','Ca_trutru@hotmail.com','$2y$10$WFdBfQrZBtB..bALazYUI.t.6/7x7TCIOk55DPvyKewzWHYwBpVE6','0','cb3c66c0ca172795225f049149092e79f37c8801171b82ffb63e4221068d2e56','4281101970',2,NULL,NULL,NULL,NULL,NULL,NULL,2,10,2,4,0,3,3,0,NULL,0,4,'activo',2,NULL,NULL,NULL),(307,'david nuño','david.nuno_s@cetlajomulco.com.mx','$2y$10$AmsQsIkvFQCmyifuG9qwceVUnY13/MnUTrl1sf5/5u5wut06TN.Na','0','206718935d9fb73f676c8386f37f107bc606b8e302fa0667f628c84cfc6cde59','3313019201',1,NULL,NULL,NULL,NULL,NULL,NULL,2,0,2,2,0,0,0,0,NULL,0,0,'activo',2,NULL,NULL,NULL),(308,'Miguel Angel Figueroa Valdez','miguel.figueroa_co@cetlajomulco.com.mx','$2y$10$azwyYgWhS1giNEETC48TT.r3aJth5Jlu4wgbms7ItqAGQ3XZZxVR2','0','e3d4de5f8e42348e51f04ad962c60491eab0e4f1f01d8a0b4b69a1ea591df3b5','3322563296',2,NULL,NULL,NULL,NULL,NULL,NULL,5,5,5,5,0,5,5,0,NULL,0,5,'activo',2,NULL,NULL,NULL),(309,'Verónica Iñiguez Becerra','vero170581@gmail.com','$2y$10$HQqVz0ECFk/Y5d6173ElSeKX4vrP5XAAcaW7trOlmM7qfpef4VqJ2','0','5d7d3f3f7d653836e49a650f5c6cacd1c71188202d20cc5cb8ffe4f7e9d3178c','3781121603',NULL,NULL,NULL,NULL,NULL,NULL,NULL,0,0,0,0,0,0,0,0,NULL,0,5,'activo',2,NULL,NULL,NULL),(310,'Verónica Iñiguez Becerra','veronica.iniguez33@jaliscoedu.mx','$2y$10$SIGPIXEpd/AdmTs8lVN2KOXiHD/WcVvb6KNB3VAmlhKql3GpiWUAm','0','ea269bc8d0f6ed5cc2f980ee168f33e811364ab98385f953ecd245c9d1711edf','3781121603',NULL,NULL,NULL,NULL,NULL,NULL,NULL,0,0,0,0,0,0,0,0,NULL,0,5,'activo',2,NULL,NULL,NULL),(311,'Dhaiana Itzel Fabián Quintero','dhaiana.fabian882@jaliscoedu.mx','$2y$10$amhY0jEqEgDiBbsE0LjSteCDYyCwiCs4FpEmzHz6/90i75kayEsie','0','7992f0701a5b983555ed1173547a163ac15cdcdbf2d1b67d2ad155e222ec8879','3326255940',2,NULL,NULL,NULL,NULL,NULL,NULL,2,10,2,4,0,3,3,0,NULL,0,4,'activo',2,NULL,NULL,NULL),(312,'Karen Janeth Murillo Arana','karen.murillo321@jaliscoedu.mx','$2y$10$TYJx6B0Pkpg14OojgQhmCudKQeobGV5pLbachVe8Sx0c9m2GCuA4u','0','fa173f337ea2732e2b0e0b567ee249a1eb539b6a6068dc662a30eb3cd26a46ef','3781485480',NULL,NULL,NULL,NULL,NULL,NULL,NULL,0,0,0,0,0,0,0,0,NULL,0,5,'activo',2,NULL,'Cetl0072026',NULL),(313,'Yessenia','lic.enpedagogia_26@hotmail.com','$2y$10$wFNjb1uuQDXFDVVtoLh8H.wBM4wXXY/EIntfCBtsQRg9T9hlOd1aa','0','02c5dd5d749ad1855a62dc104520c2d49435f2987bfcc1e98350d9ea86789c05','3313218299',NULL,NULL,NULL,NULL,NULL,NULL,NULL,0,0,0,0,0,0,0,0,NULL,0,5,'activo',2,NULL,NULL,NULL),(314,'Nancy Bethsabe Quintero Hermosillo','nancy.quintero@jaliscoedu.mx','$2y$10$aUVnX6BF2rDUQflM5aeDveevBnutwCFLFLgkifcqyRC7vG8TvUUbC','0','ee141738f171895024c114323ffb3e917f70b5313164e1c904b263659c4942da','3319082549',2,NULL,NULL,NULL,NULL,NULL,NULL,2,10,3,4,0,3,3,0,NULL,0,5,'activo',2,NULL,NULL,NULL),(315,'Carlos Daniel Agraz Sevilla','carlos.agraz857@jaliscoedu.mx','$2y$10$78.gWcuDfFxpAOfpnaginewgZ.sbLdd7wPMWnxQDq44sDn2DHlETG','0','1cae60af963fe12d98c5d64574744f44c47e700c59e6190e86c285b4ac667599','3171317002',2,NULL,NULL,NULL,NULL,NULL,NULL,2,10,2,4,0,3,3,0,NULL,0,5,'activo',2,NULL,NULL,NULL),(316,'Citlali Montserrat Pérez Castillo','citlalimontserratperez@gmail.com','$2y$10$EsJR4LhXqCHqEzt0mJp9FexqisdC1Z/BlBcoBVMhaG9ur73zI.gEW','0','17e5a06430d29e7778c9caac8d555bac12d20838756001f7f1261258339b1b33','3751307122',2,NULL,NULL,NULL,NULL,NULL,NULL,2,10,2,4,0,3,4,0,NULL,0,5,'activo',2,NULL,NULL,NULL),(317,'Luz María Manzano García','luzmariamgmg@outlook.es','$2y$10$QxbcMJIVfSMVUjFcx.D7weFZwIjjjzkhqmbNHF.rO/VowxwxwHE62','0','fbd7c988ff164b646c836a186b88e107324de9a18096d11f3c0f2b6902e2fb5b','3751181577',2,NULL,NULL,NULL,NULL,NULL,NULL,2,10,2,4,0,3,3,0,NULL,0,5,'activo',2,NULL,NULL,NULL),(318,'Ximena Castorena Ramírez','ximenacastorenar@gmail.com','$2y$10$82wcMQti5ITOq.QO7O1B0OXw.SXuYrOn7SOgI2teYuC64.R5fw9QC','0','c976a3cf325e8f22d329fd3f287f1121a82bcaa4f2129d8ec015eadbebbb9400','3312628839',2,NULL,NULL,NULL,NULL,NULL,NULL,3,10,2,4,0,3,2,0,NULL,0,5,'activo',2,NULL,NULL,NULL),(319,'Zuleima Matilde Rea Gonzalez','zuleima.rea@jaliscoedu.mx','$2y$10$O.2qMDiq1.FIlrHRNI.5N.9H/pEHU6PQ2Ifx390CV/l6sPNXoN1fq','0','586a235b02d599151ce126cf3341872e06fcbbc3c6a55d8884d8553bb1e243e1','3310168028',2,NULL,NULL,NULL,NULL,NULL,NULL,2,10,2,4,0,4,3,0,NULL,0,5,'activo',2,NULL,NULL,NULL),(320,'la tetuda','lamastetuda@tetuda.com','$2y$10$dhdd5hlv8OCOIlu4is53XeIpYSOqL5rswQ0ZoG/xCuLfJQYsXey/O','0','fb718427c94a9ef9a8b072853c25ad14b9828f024f01b41a48cf455a06665c75','1111111111',NULL,NULL,NULL,NULL,NULL,NULL,NULL,0,0,0,0,0,0,0,0,NULL,0,5,'activo',2,NULL,NULL,NULL),(321,'kalid','kalidmulgado@gmail.com','$2y$10$VqQzCHo6Da6g4mTgWDRqMON209VhvWqwOVeBVVTrwodviYktgpfEe','0','c607e3244d36a910438517941ad6420217dee49e3504f996b06ac8ec63d78d3f','3313507106',2,NULL,NULL,NULL,NULL,NULL,NULL,48,50,50,50,0,45,50,0,NULL,0,50,'activo',2,NULL,'Mast0012026',NULL),(322,'Claudia serna','claudia.sernae@jaliscoedu.mx','$2y$10$14Od4Hfj35HWLRwWaz6tZOPsBHmH2zojNyO0mnNmiSHjuxG51Tj9m','0','0dc07c1c6ca445d0e6c857ff274d118603320318d7b211468630a8a059622cd3','3316225028',NULL,NULL,NULL,NULL,NULL,NULL,NULL,0,0,0,0,0,0,0,0,NULL,0,5,'activo',2,NULL,NULL,NULL),(323,'Rocio Ortega Padilla','rocio.ortega@jaliscoedu.mx','$2y$10$VOaPHtniQouLYkFEtp0ElOxeXUT7mIUrRVM3vgSrZuGeCiQmlcbp2','0','9d42c116867598294937b3ba558d3653981c4214b497ad6037c1a79ee1105fa2','3314133819',2,NULL,NULL,NULL,NULL,NULL,NULL,2,2,2,2,0,2,2,0,NULL,0,2,'activo',2,NULL,NULL,NULL),(324,'Víctor Ahumada Rosales','ahumadarosales@gmail.com','$2y$10$4eQuQY4pVBjEJCpUjHX5qOwvC9PfHrx6fGJ6jw03dkuW7j8N1Pe/a','0','fd303329b969285dfe5899bee8a4f6b3662c63a058ca4446336d7eb8c5aab540','3313315454',NULL,NULL,NULL,NULL,NULL,NULL,NULL,0,0,0,0,0,0,0,0,NULL,0,5,'activo',2,NULL,NULL,NULL),(325,'Gemma Gabriela Valle','gemma.valle@jaliscoedu.mx','$2y$10$JhYrQujVCW71XwZ7HsZHR.ZKwvKxIfS4Xk62Q0XwLTaukXBlBCFQ6','0','913bc453deb3db193646f9bbf6af539124ee65493a40e0682ad99994beaaea3b','3313115256',2,NULL,NULL,NULL,NULL,NULL,NULL,2,2,2,2,0,2,2,0,NULL,0,2,'activo',2,NULL,NULL,NULL),(326,'Israel Ramirez','israel.ramirez457@jaliscoedu.mx','$2y$10$QBf5alGmCyo4r9oyhBO6ZO55jbKAEIDQJ1jWo/QSn22w9PmPUIBFS','0','4699ac507597fe374c343c78fc435fa893cf4194758f0e0dd6746510a3974f5b','3328131555',2,NULL,NULL,NULL,NULL,NULL,NULL,2,2,2,2,0,2,2,0,NULL,0,2,'activo',2,NULL,NULL,NULL),(327,'Raquel Arreola','raquel.arreola@jaliscoedu.mx','$2y$10$wif3WURw4HPRTiIuy21DdOTOGbUT6qxKY6ziWTV6PK3786grlznXq','0','d48f779402e8ed5b31dfc89c01b27fde6303dcf2cadb1671c747b419248b935c','3222946850',2,NULL,NULL,NULL,NULL,NULL,NULL,2,2,2,2,0,2,2,0,NULL,0,2,'activo',2,NULL,NULL,NULL),(328,'Juan Carlos Ramos Diaz','jua.ramosd@jaliscoedu.mx','$2y$10$IZjbLXEzZDsjaBLP3xwrneItBXYUhtfscNe4KF91jo1nDWYU3T8O6','0','de00895bc228819c3c46c337cf7b1f0f9e7ebb18eeaef835b628402cb2b9a8a3','3315282165',NULL,NULL,NULL,NULL,NULL,NULL,NULL,0,0,0,0,0,0,0,0,NULL,0,5,'activo',2,NULL,NULL,NULL),(329,'Jaime Vargas Hernández','jaime.vargas@jaliscoedu.mx','$2y$10$iaVtxsalhudUZVLcwSce2OQX9ai6aZNueNdss2rDSap8zhQuGjZyG','0','33167441042c8fdb1b0edf0fbd620440aff08daceb481b79b61e687b5deb627e','3315180604',NULL,NULL,NULL,NULL,NULL,NULL,NULL,0,0,0,0,0,0,0,0,NULL,0,5,'activo',2,NULL,NULL,NULL),(330,'María Isabel Escareño Rodríguez','maria.escareno@jaliscoedu.mx','$2y$10$jSg1CkJw5TjMURY5O9.3AeC9CKB/Hj2WTlnJ84p7YD7aoZCJzoUZe','0','1cbf666380eb7ccc0b4b96ba8d988a92dce9502a59dbe13e411e7f5aae3ec048','3313456928',2,NULL,NULL,NULL,NULL,NULL,NULL,2,2,2,2,0,2,2,0,NULL,0,2,'activo',2,NULL,NULL,NULL),(331,'Rocio del Carmen Quintana Contreras','del.quintana@jaliscoedu.mx','$2y$10$CedfWSXpkLqCXfUkwmYYWeGYVKr.h2mDKi3c1Eg6ZtCfT/g/wubbK','0','6a8194830448e7f8ecc87b2776d922bc5498ddf5c7c8992333eb769ee6128f5e','523338093846',2,NULL,NULL,NULL,NULL,NULL,NULL,2,2,2,2,0,2,2,0,NULL,0,2,'activo',2,NULL,NULL,NULL),(332,'Raquel Mirella','raquel.machuca@jaliscoedu.mx','$2y$10$Asx1jLXcs3dwIK04Fx1LWu0cq2I9y3o8m4B5LsapfSynU8ccuaWZm','0','5ad70ca53da04851ab861310c5b285cd8453a877115fedcc9e3580df15948fb2','3337275217',2,NULL,NULL,NULL,NULL,NULL,NULL,2,2,2,2,0,2,2,0,NULL,0,2,'activo',2,NULL,NULL,NULL),(333,'Araceli Morales Cortés','araceli.morales@jaliscoedu.mx','$2y$10$PeV7QI1RPmNdpKaaW1VedeO.0SBvoHIGsdfNULOptyDO43k3kPdcG','0','b1f41f8b0e9e1b53ad56b00f8809be116c432a19071f291261068d25aeee1f98','3335025907',NULL,NULL,NULL,NULL,NULL,NULL,NULL,0,0,0,0,0,0,0,0,NULL,0,5,'activo',2,NULL,NULL,NULL),(334,'Elia Raquel Suárez Romero','elia.suarez@jaliscoedu.mx','$2y$10$g9kJlYWtaXN/whslKSGk4.z92wnjrQWD2MOqB5I5bD.BnpivEgpCm','0','d9302316703c4b41002964f63b101fb707d38ee41839a08ad433b63e4e5fd7a3','3321840978',2,NULL,NULL,NULL,NULL,NULL,NULL,2,2,2,2,0,2,2,0,NULL,0,2,'activo',2,NULL,NULL,NULL),(335,'ALEJANDRA ELIZABETH ROMO JÁUREGUI','alejandra.romo329@jaliscoedu.mx','$2y$10$Rr62cVdzPyiuJ8bAuuVXwuUzfiDHYrz3hWHWFHH9EP4yz80VLr7Yu','0','61c31e1455079144eadfbf1ef5bf553e091c5cfc684b9867cc2fa3e47f1b9f9f','3461001090',NULL,NULL,NULL,NULL,NULL,NULL,NULL,0,0,0,0,0,0,0,0,NULL,0,5,'activo',2,NULL,NULL,NULL);
/*!40000 ALTER TABLE `usuarios` ENABLE KEYS */;
UNLOCK TABLES;
/*!40103 SET TIME_ZONE=@OLD_TIME_ZONE */;

/*!40101 SET SQL_MODE=@OLD_SQL_MODE */;
/*!40014 SET FOREIGN_KEY_CHECKS=@OLD_FOREIGN_KEY_CHECKS */;
/*!40014 SET UNIQUE_CHECKS=@OLD_UNIQUE_CHECKS */;
/*!40101 SET CHARACTER_SET_CLIENT=@OLD_CHARACTER_SET_CLIENT */;
/*!40101 SET CHARACTER_SET_RESULTS=@OLD_CHARACTER_SET_RESULTS */;
/*!40101 SET COLLATION_CONNECTION=@OLD_COLLATION_CONNECTION */;
/*!40111 SET SQL_NOTES=@OLD_SQL_NOTES */;

-- Dump completed on 2026-07-09 18:50:21
